Time,Open,High,Low,Close,Volume
1.71979E+12,62766.1,62935.2,62562,62924.6,7156.801
1.7198E+12,62924.7,63730,62881.3,63631.9,24879.788
1.7198E+12,63631.9,63800,63147.9,63427.1,13444.511
1.7198E+12,63427.1,63510,63316.9,63416.4,4272.64
1.71981E+12,63416.5,63453.7,63200,63262.9,4254.646
1.71981E+12,63263,63440,63243.6,63410.4,3047.3
1.71981E+12,63410.5,63440.6,63267.5,63381.7,2982.46
1.71982E+12,63381.7,63419.1,63232.2,63265.5,3276.474
1.71982E+12,63265.5,63302.7,62819,62910,10811.923
1.71982E+12,62910.1,62988,62761.3,62920.2,5165.106
1.71983E+12,62920.3,62970,62763,62841.9,3958.143
1.71983E+12,62841.9,62853.8,62580,62657.9,6504.23
1.71984E+12,62657.9,62890,62633,62868.4,6365.272
1.71984E+12,62868.3,63074.5,62502.2,62676,15417.35
1.71984E+12,62676,62935.6,62597.4,62809.6,9366.272
1.71985E+12,62809.7,63182.5,62802.8,63119.9,8970.912
1.71985E+12,63120,63344.2,62947.4,63105.2,10528.568
1.71985E+12,63105.2,63687.9,63040,63683.5,12267.834
1.71986E+12,63683.6,63849,63412.5,63640,13066.252
1.71986E+12,63640,63640.1,63047.2,63207.6,10574.268
1.71986E+12,63207.2,63421.6,63144.1,63274.9,4621.806
1.71987E+12,63275,63275,63010.2,63113.6,3330.018
1.71987E+12,63113.6,63147.4,62780,62961.7,6827.712
1.71987E+12,62961.6,63027.9,62811,62883.6,2847.652
1.71988E+12,62883.7,62975.3,62765.7,62912.7,3947.555
1.71988E+12,62912.7,62955.7,62796.8,62914.6,2556.549
1.71989E+12,62914.6,63107.3,62902.2,62983.8,3749.518
1.71989E+12,62983.9,63284,62975,63115.7,4049.203
1.71989E+12,63118,63227,63017.4,63018.5,2686.368
1.7199E+12,63018.6,63085.7,62974.5,63010.2,2414.067
1.7199E+12,63010.2,63037.7,62818,62859.4,4719.006
1.7199E+12,62859.4,62864.6,62566,62617.9,9244.392
1.71991E+12,62617.9,62750,62387,62666.1,11044.433
1.71991E+12,62666.1,62791.1,62622,62651.8,4702.755
1.71991E+12,62651.8,62793,62500,62715.6,6307.609
1.71992E+12,62715.5,62861.1,62615.1,62823.3,4418.429
1.71992E+12,62823.3,63050,62711.6,62871.9,6782.057
1.71993E+12,62871.9,63167.4,62500,62625.3,13871.028
1.71993E+12,62625.3,62728,61880,62032.7,33273.188
1.71993E+12,62032.6,62148.7,61840,61945,9763.217
1.71994E+12,61945,62024.7,61800,61922.8,9564.832
1.71994E+12,61922.8,62160.9,61881.1,62144.2,4785.287
1.71994E+12,62144.2,62361.2,62133.8,62313.9,7754.033
1.71995E+12,62313.8,62362.8,61880.9,61944,7226.78
1.71995E+12,61944,62085.2,61870.8,62006.3,2809.409
1.71995E+12,62006.2,62094,61901.1,61952.6,2843.683
1.71996E+12,61952.6,62117.2,61951,62084.5,2174.989
1.71996E+12,62084.6,62176.4,62065.5,62123.6,2412.856
1.71996E+12,62123.5,62278.2,62075.8,62075.9,3362.731
1.71997E+12,62075.8,62215.3,61035,61617.9,17364.263
1.71997E+12,61617.9,61618.3,61228.5,61357,13120.069
1.71998E+12,61357.1,61365.4,60600,60983.5,21728.334
1.71998E+12,60983.4,60983.5,60802,60867.6,6354.359
1.71998E+12,60867.5,61117.7,60840.6,61114,6517.852
1.71999E+12,61115,61179.4,60971.6,61004.1,5367.251
1.71999E+12,61004.1,61024.5,60832.9,60859.9,4945.691
1.71999E+12,60859.8,60987.3,60300,60496.1,15545.105
1.72E+12,60496.1,60678.9,60312.2,60601.1,12427.613
1.72E+12,60601.2,60620.5,59515.1,60379.8,39976.937
1.72E+12,60379.9,60486,60108,60384.9,13075.461
1.72001E+12,60384.9,60390.4,59905.6,60032.3,15454.613
1.72001E+12,60032.3,60635,59756.5,60589.1,21332.694
1.72002E+12,60589.1,60700,60257.2,60286.8,12066.432
1.72002E+12,60286.8,60448,59950,60176.1,17475.612
1.72002E+12,60176.1,60653,60084.6,60495.8,12301.064
1.72003E+12,60495.8,60518.5,60189.5,60372.3,5351.87
1.72003E+12,60372.3,60443.7,60230.5,60246.7,4007.134
1.72003E+12,60246.7,60246.7,59645.6,59661.2,16744.201
1.72004E+12,59661.2,59872.6,59555,59595.9,10540.932
1.72004E+12,59595.9,60339.9,59299.3,60235.5,13497.083
1.72004E+12,60235.5,60359.8,60118.1,60311.1,3878.909
1.72005E+12,60311.2,60361.7,60194,60208,2867.055
1.72005E+12,60208,60475,60207.9,60417.9,5961.455
1.72005E+12,60417.8,60500,58388,58561.7,47639.05
1.72006E+12,58561.7,59092.6,57611,58953.7,37960.305
1.72006E+12,58953.6,59138.3,58826.9,59092.4,7715.275
1.72007E+12,59092.4,59131.7,58702.3,58953.1,8494.342
1.72007E+12,58953.2,59026.5,58848.5,58885.4,5240.154
1.72007E+12,58885.4,59073.3,58515.3,58780,12908.302
1.72008E+12,58780,58844.7,58086.4,58214,19588.39
1.72008E+12,58214,58484.5,57000,57674.1,38075.231
1.72008E+12,57674.1,57857.7,56917.5,57725.9,33000.4
1.72009E+12,57725.9,57938.4,57400,57929.6,14865.403
1.72009E+12,57929.6,58088,57658.8,57748.4,11922.295
1.72009E+12,57748.4,57748.4,57146,57234.4,17252.308
1.7201E+12,57234.3,57485,56750,57402.1,45010.724
1.7201E+12,57402.2,57525.7,56825.4,57433.9,21643.767
1.72011E+12,57433.9,58350,57336.9,58137.6,26817.02
1.72011E+12,58137.5,58400,57735.7,58288.4,14952.832
1.72011E+12,58288.5,58378.6,58081.6,58230.4,7638.223
1.72012E+12,58230.4,58363.6,57917,58152.1,9242.132
1.72012E+12,58152.1,58653.4,58122.4,58267,10720.462
1.72012E+12,58266.9,58346.1,58111.6,58346.1,4488.898
1.72013E+12,58346,58644,58274.8,58485.9,4344.708
1.72013E+12,58485.8,58800,57978.3,58031.8,10243.813
1.72013E+12,58031.9,58103.9,56560,57045.9,29930.788
1.72014E+12,57045.9,57533.4,56637.7,57363.4,40601.846
1.72014E+12,57363.5,57426.6,56780.1,57150.9,18045.13
1.72014E+12,57150.8,57228.9,55351,55756.4,49781.978
1.72015E+12,55756.4,55961.6,54918.3,55214.6,55290.808
1.72015E+12,55214.7,55350,53329.5,53923.2,62939.367
1.72016E+12,53923.3,54772.5,53769.6,54771.9,24059.76
1.72016E+12,54772,54780,53861.5,54274.9,25895.425
1.72016E+12,54274.8,54432.9,53947.3,54389.4,15741.03
1.72017E+12,54389.4,54437.7,54033.5,54065.9,12470.632
1.72017E+12,54065.9,54719.1,53870.4,54505,19442.748
1.72017E+12,54504.9,55348.8,54382.4,54963.5,25290.959
1.72018E+12,54963.5,55629.7,54963.5,55458.9,21759.327
1.72018E+12,55459,55919.1,54900,55037.2,32521.065
1.72018E+12,55037.2,55847.3,54822.9,55801.9,25890.471
1.72019E+12,55801.8,55862.3,55321.8,55730.6,15358.125
1.72019E+12,55730.6,56663.5,55633.1,56637.5,32274.656
1.7202E+12,56637.5,56900,56110.6,56425,29714.35
1.7202E+12,56425,57000,56273,56422.4,18852.705
1.7202E+12,56422.5,56712.1,55781.8,56521.5,27064.706
1.72021E+12,56521.6,56730.7,56310.1,56446.2,7812.851
1.72021E+12,56446.1,56505.1,56300,56327.3,4031.909
1.72021E+12,56327.3,56778,56327.2,56491.7,3701.828
1.72022E+12,56491.7,56715.6,56373,56600.1,4177.003
1.72022E+12,56600.1,56847,56586,56604.9,4474.916
1.72022E+12,56604.9,56975,56328.1,56582.3,14201.712
1.72023E+12,56582.2,56591.9,56178.8,56195,7517.148
1.72023E+12,56195,56481.8,56157.3,56412.2,5289.829
1.72023E+12,56412.2,56500,56245,56388.3,3646.967
1.72024E+12,56388.4,56398.8,56017,56040,5892.09
1.72024E+12,56040.1,56480.8,56000,56342,11155.928
1.72025E+12,56342.1,56549.7,56322.4,56388.2,4459.063
1.72025E+12,56388.1,56660,56371,56571.1,5015.929
1.72025E+12,56571.1,56628,56477,56530.8,3621.181
1.72026E+12,56530.7,56749.7,56412.5,56739,4653.041
1.72026E+12,56739,56850,56620,56750,6350.108
1.72026E+12,56750,56774.5,56636.3,56713.2,3052.062
1.72027E+12,56713.2,56763,56475.7,56725.7,4662.11
1.72027E+12,56725.7,57344,56630,56963,12973.904
1.72027E+12,56963,57107.7,56692.6,57032,9126.127
1.72028E+12,57032,57420,56900.4,57285.4,12122.112
1.72028E+12,57285.4,58089.9,57150,57830.2,24765.243
1.72029E+12,57830.2,57999,57719.4,57932.3,5528.924
1.72029E+12,57932.4,57995,57715,57755.9,4497.651
1.72029E+12,57756,57906.8,57698.1,57834.8,3186.226
1.7203E+12,57834.9,58211,57806.1,57944.1,6326.379
1.7203E+12,57944.1,58249.4,57792.2,57844.5,5206.948
1.7203E+12,57844.6,58097.3,57844.5,58086,2967.501
1.72031E+12,58086.1,58472,58082.8,58216,12361.839
1.72031E+12,58216,58276.9,57889.7,57910.1,7231.047
1.72031E+12,57910.1,58300,57820,58099.5,8036.703
1.72032E+12,58099.4,58443,58092.6,58338.8,9572.23
1.72032E+12,58338.9,58341.6,57827.1,57943.9,14096.047
1.72032E+12,57944,57990.3,57555,57580.7,12502.64
1.72033E+12,57580.7,57786.3,57380.7,57631.5,9042.418
1.72033E+12,57631.6,57773.4,57582.3,57626,3355.777
1.72034E+12,57626.1,57678.5,57041.7,57344.4,12821.953
1.72034E+12,57344.5,57641.1,57337.8,57624.8,6400.758
1.72034E+12,57624.7,57718.7,57541,57710,4724.372
1.72035E+12,57710.1,57899.9,57474.7,57485.2,7605.082
1.72035E+12,57485.1,57528.2,57331.2,57436.9,4548.33
1.72035E+12,57436.9,57600,57180.2,57322.6,5993.861
1.72036E+12,57322.6,57344.1,56755.3,56846.1,16484.286
1.72036E+12,56846.1,56919.9,56555.1,56746.1,12309.867
1.72036E+12,56746.1,57045.8,56703,56806.2,7687.27
1.72037E+12,56806.2,57150,56723,57090.1,6492.585
1.72037E+12,57090.1,57272.7,56769.2,57218.8,7339.032
1.72038E+12,57218.7,57372.2,57094.9,57144.8,5462.304
1.72038E+12,57144.7,57180.8,57001.8,57133.9,2941.463
1.72038E+12,57133.9,57301.8,57017.9,57250.1,2301.55
1.72039E+12,57250.1,57267.9,56175.6,56565.8,17983.098
1.72039E+12,56566,56769.8,56364.8,56366,8430.841
1.72039E+12,56365.9,56506.8,55688,55830.9,16998.467
1.7204E+12,55831,55999,55005,55068.9,26133.135
1.7204E+12,55068.9,55090.7,54243.1,54930,37706.51
1.7204E+12,54930,55425.9,54573.1,55362.3,21338.1
1.72041E+12,55362.3,55469.6,54850,55136.6,12151.101
1.72041E+12,55136.6,55625.5,54935.3,55476.9,10394.723
1.72041E+12,55476.9,55694.1,55267.1,55455.9,9050.134
1.72042E+12,55456,55878,55177.3,55611.2,13647.823
1.72042E+12,55611.2,55841.2,55500.1,55828.4,7035.524
1.72043E+12,55828.4,57876,55715.2,57767.8,59306.041
1.72043E+12,57767.9,58200,57333.4,57498.6,28300.233
1.72043E+12,57498.5,57700,56685,56800,20767.238
1.72044E+12,56800,57333,56735,57137.3,16025
1.72044E+12,57137.3,57629.3,56838.1,57132,15968.73
1.72044E+12,57131.4,57423.4,56762.6,57217.9,16836.6
1.72045E+12,57217.9,57280.5,54890,56169,70364.086
1.72045E+12,56169,56765,55678.8,55736.8,27950.216
1.72045E+12,55736.8,56098.6,55400.5,55789.8,17132.839
1.72046E+12,55789.8,56365.1,55572.6,56262.5,11554.167
1.72046E+12,56262.5,56550,56138.7,56264.7,8883.942
1.72047E+12,56264.8,56529.2,56125.6,56462.3,6689.51
1.72047E+12,56462.9,56556,56175.4,56242,5848.5
1.72047E+12,56241.9,56800,56180.4,56622.3,8231.638
1.72048E+12,56622.3,56955,56530,56663.5,9168.112
1.72048E+12,56663.5,56845.8,56586.9,56686.4,3623.055
1.72048E+12,56686.4,56747.2,56256.2,56507.6,9484.301
1.72049E+12,56507.5,57260,56414.7,56534.5,16481.593
1.72049E+12,56534.5,57350,56304.3,57237.8,12726.546
1.72049E+12,57237.8,57248.8,56842,57139.5,7273.793
1.7205E+12,57139.5,57340,57074,57260.4,6573.966
1.7205E+12,57260.3,57423.6,57092.7,57261.8,6740.912
1.7205E+12,57261.8,57744.8,57162.6,57448,10258.571
1.72051E+12,57449.4,57528.9,57000,57102.5,12449.133
1.72051E+12,57102.5,57899.9,57000,57599.7,22943.189
1.72052E+12,57599.8,57671.4,57483.7,57563.4,5336.681
1.72052E+12,57563.4,57650,57267.6,57409.7,8278.478
1.72052E+12,57409.6,57529,57195.5,57407.1,5485.295
1.72053E+12,57407.1,57549.1,57252,57327.1,7417.539
1.72053E+12,57327,57392.2,56922.6,57313.4,14464.607
1.72053E+12,57313.5,58159.6,57036.6,57040.3,34589.504
1.72054E+12,57040.3,57479.6,56862.9,57445.3,17808.194
1.72054E+12,57445.3,57848.5,57318.3,57663.1,12576.151
1.72054E+12,57663,57780,57344.7,57497.1,5511.686
1.72055E+12,57497,58290.6,57418.9,57888,17780.898
1.72055E+12,57888,57912.2,57659.9,57837.7,5022.574
1.72056E+12,57837.7,58081.8,57684.6,57911.9,5070.862
1.72056E+12,57911.9,57968.7,57741,57782.9,2966.082
1.72056E+12,57782.8,58256,57700.8,57915.1,6340.848
1.72057E+12,57915.1,58098,57843,58023.2,3655.645
1.72057E+12,58023.1,58023.2,57401,57468,9075.746
1.72057E+12,57467.9,57983.7,57315.9,57775.4,8725.284
1.72058E+12,57775.4,57899,57612.4,57868.7,3757.097
1.72058E+12,57868.6,58190,57818.1,58157.7,5702.946
1.72058E+12,58157.6,59429.7,58153.3,59323.9,39858.373
1.72059E+12,59323.9,59449.6,58800,58951.5,13850.907
1.72059E+12,58951.5,59297.8,58819,59212.6,8323.175
1.72059E+12,59212.6,59258.4,58820,58948.1,7609.905
1.7206E+12,58948,59013.9,58577,58735.2,10995.788
1.7206E+12,58735.2,58753.2,58375,58474.6,11013.468
1.72061E+12,58474.7,58702,58288,58633.2,10143.768
1.72061E+12,58633.2,58700,58325,58469.4,6980.729
1.72061E+12,58469.4,58544.5,57715,58127.8,23873.666
1.72062E+12,58127.9,58265.2,57438.8,57718.7,21869.957
1.72062E+12,57719.3,57866,57456.7,57686,10346.077
1.72062E+12,57686,58004.5,57416.5,57658,12350.225
1.72063E+12,57658.1,57995,57556.7,57675.2,9041.811
1.72063E+12,57675.2,57731.8,57414,57608.3,6557.74
1.72063E+12,57608.3,57768.8,57460.6,57606,4413.625
1.72064E+12,57605,57605,57333,57374.1,6025.954
1.72064E+12,57374.8,57534,57125,57391.1,9526.268
1.72065E+12,57391.1,57532.7,57237.6,57411.1,3145.059
1.72065E+12,57411.1,57834,57401.9,57688,6941.872
1.72065E+12,57688,57860.8,57579.8,57707,4119.497
1.72066E+12,57707,57707.5,57350,57608,5154.325
1.72066E+12,57608,58378,57460,58260.9,14907.019
1.72066E+12,58260.9,58380,57713,57846.2,8476.309
1.72067E+12,57846.1,57937.4,57030,57540.5,14802.109
1.72067E+12,57540.4,57768,57464.2,57755.7,5190.696
1.72067E+12,57755.8,58074.8,57677.6,57967.1,7822.844
1.72068E+12,57967.1,58083.2,57853.5,57976.7,4628.358
1.72068E+12,57976.8,58288.6,57905.9,58168.1,8019.388
1.72068E+12,58168.2,58320.2,58024,58145.5,5922.824
1.72069E+12,58145.5,58365,58039.5,58265.7,8179.292
1.72069E+12,58265.8,58489.8,58153.8,58445.9,8467.813
1.7207E+12,58445.9,58887,58368,58754.1,17378.338
1.7207E+12,58754,59780,58481.1,58798.4,51121.993
1.7207E+12,58798.3,58955,58211,58544.2,26786.197
1.72071E+12,58544.3,58651.5,57501.1,57764.8,32310.046
1.72071E+12,57764.8,58089.9,57242,57382.8,20988.562
1.72071E+12,57382.8,57719.1,57152,57618.5,13022.85
1.72072E+12,57618.5,57912.6,57550.2,57778.3,6388.96
1.72072E+12,57778.4,57969.6,57650,57814.7,5009.843
1.72072E+12,57814.1,57830,57306.1,57354.7,6914.946
1.72073E+12,57354.8,57569,57175,57528.4,6511.372
1.72073E+12,57528.3,57593.2,57288,57434.9,2928.104
1.72074E+12,57434.8,57519.5,57118,57314.9,6813.362
1.72074E+12,57315,57371.7,57121,57315.5,5361.409
1.72074E+12,57315.7,57554.4,57122.9,57147.7,8051.787
1.72075E+12,57147.7,57327.7,56500.1,56919.9,20637.429
1.72075E+12,56919.9,57397.6,56855.9,57306.7,9537.103
1.72075E+12,57306.6,57346.4,56820.7,56887.6,6823.298
1.72076E+12,56887.6,57045.4,56690,56988.2,6328.198
1.72076E+12,56988.2,57088,56921.3,57003.6,4214.898
1.72076E+12,57003.5,57378,56997.9,57188.1,7523.783
1.72077E+12,57188,57286.3,56805,57071.4,9288.782
1.72077E+12,57071.4,57325.2,57000,57304.7,10752.875
1.72077E+12,57304.6,57305,56840,56933.7,6872.732
1.72078E+12,56933.7,57174.2,56740.6,57152.1,7467.509
1.72078E+12,57152.1,57261,57040.1,57188.8,5956.741
1.72079E+12,57188.7,57461.8,57066,57354.1,17028.846
1.72079E+12,57354,57978.7,57319.3,57816.2,19081.304
1.72079E+12,57816.3,58000,57656.8,57799.9,10883.157
1.7208E+12,57800,58255.4,57744.2,58188.9,12832.158
1.7208E+12,58188.9,58400,57905.3,58089.8,11188.701
1.7208E+12,58089.8,58300,57923,58138.4,6497.035
1.72081E+12,58138.5,58500,58034.4,58271.2,11778.237
1.72081E+12,58271.1,58339.3,57446.1,57546.1,20028.841
1.72081E+12,57546.2,57622.9,57107.7,57508.4,14536.102
1.72082E+12,57508.4,57655.7,57474.7,57567.3,2998.07
1.72082E+12,57567,57864.7,57550.2,57759.2,4622.733
1.72083E+12,57759.3,57887.6,57684.6,57870,3170.297
1.72083E+12,57870,57915.6,57730.2,57813.7,3199.843
1.72083E+12,57813.6,57948,57775.7,57861.7,2834.439
1.72084E+12,57861.7,57928.9,57731.9,57909.5,2501.209
1.72084E+12,57909.4,57962.8,57760,57792.4,3070.062
1.72084E+12,57792.5,57834.3,57744.9,57755.1,1967.34
1.72085E+12,57755,58139.7,57728.6,58046.7,5940.063
1.72085E+12,58046.7,58195.7,57972.7,58010.4,3952.91
1.72085E+12,58010.3,58140,57990,58140,2603.037
1.72086E+12,58140,58191.1,57917.9,57929.9,2811.825
1.72086E+12,57929.9,58900,57882.3,58654.1,16925.414
1.72086E+12,58654.1,58733.1,58320,58410.4,9957.936
1.72087E+12,58410.5,58581.6,58352.4,58513.9,5154.325
1.72087E+12,58514,58873.1,58408.1,58742.6,10180.809
1.72088E+12,58742.6,58807.2,58555,58588.2,6233.477
1.72088E+12,58588.1,58783.8,58450,58780.3,5748.607
1.72088E+12,58780.3,58842.7,58650.7,58808.5,7995.734
1.72089E+12,58808.5,58950,58569.2,58593.9,10175.215
1.72089E+12,58593.8,58686.3,58538.9,58686.3,2480.553
1.72089E+12,58686.3,58786,58545,58615.6,3084.675
1.7209E+12,58615.6,58719.1,58572,58596.6,1769.828
1.7209E+12,58596.7,58658.3,58550,58570.9,2075.884
1.7209E+12,58571,58677.7,58551,58668.5,1273.528
1.72091E+12,58668.5,59574.8,58254.5,59449.5,24090.049
1.72091E+12,59449.6,59850,59100,59174,21857.56
1.72092E+12,59173.9,59766.2,59164,59719.7,11580.011
1.72092E+12,59719.7,59816.5,59400,59679.7,8822.126
1.72092E+12,59679.8,59726,59254,59332.1,6666.218
1.72093E+12,59332.1,59553.4,59313.6,59435,4809.746
1.72093E+12,59435,60088,59387.4,59926.1,16640.617
1.72093E+12,59926.1,60299,59770.4,60231.4,15795.803
1.72094E+12,60231.5,60292.9,59761,59849.9,8608.904
1.72094E+12,59849.9,60104.4,59795,60031.3,5604.179
1.72094E+12,60031.2,60397.2,60031.2,60169,9220.685
1.72095E+12,60168.8,60337.4,60090.9,60161.9,5287.025
1.72095E+12,60161.9,60210.6,59879.3,59900.7,6963.267
1.72095E+12,59900.7,60094.3,59880.8,60079,5467.177
1.72096E+12,60079,60085,59555.5,59566.3,13772.717
1.72096E+12,59566.3,59754,59556.8,59669.2,6200.067
1.72097E+12,59669.3,60220,59438,59988.5,12029.985
1.72097E+12,59988.4,60125.4,59843.1,60053.3,6861.387
1.72097E+12,60053.3,60090.5,59858,60076.8,3606.963
1.72098E+12,60076.8,60154.6,59883.7,59976.3,3522.111
1.72098E+12,59976.2,60051.6,59902,59999.9,1749.251
1.72098E+12,60000,60000,59868,59886.3,1391.887
1.72099E+12,59886.3,60380,59850,60058.6,6244.724
1.72099E+12,60058.6,61412.4,59987.4,61260.1,26381.798
1.72099E+12,61260.1,61364.9,60725.9,60831.6,12086.257
1.721E+12,60831.6,61145,60673.6,60766,8747.978
1.721E+12,60766,61294.5,60622.6,61186.8,10490.273
1.72101E+12,61186.7,61788.7,61149,61373.1,19781.121
1.72101E+12,61373.1,62599,61272.6,62451.6,33496.318
1.72101E+12,62451.6,62777,62294,62617.3,15773.702
1.72102E+12,62617.3,62823.6,62400,62575,12113.108
1.72102E+12,62575,62950,62499.9,62769.1,12892.083
1.72102E+12,62769.2,62980.1,62672.5,62838.9,9683.356
1.72103E+12,62839,63075.8,62716.7,62816,10006.849
1.72103E+12,62816.1,63239.2,62766.6,62847.5,14072.8
1.72103E+12,62847.4,62880,62526.6,62609.3,14337.966
1.72104E+12,62610,62788.3,62373,62518.8,7532.278
1.72104E+12,62518.8,62586.8,62266,62431.9,8469.762
1.72104E+12,62432,62777.4,62419.5,62586.1,8396.623
1.72105E+12,62586.2,62962.5,62449.7,62877.7,15445.045
1.72105E+12,62877.6,63195.5,62700.4,63180.9,15376.077
1.72106E+12,63180.8,63299.8,62825.8,62985.9,17338.275
1.72106E+12,62986,63580,62812.8,63369.6,21641.121
1.72106E+12,63369.7,63698,63041.5,63045.1,18904.785
1.72107E+12,63045.2,63589,62951.6,63462,10651.978
1.72107E+12,63462,63777,63150,63309.9,19261.918
1.72107E+12,63309.9,63746.8,63216.2,63694.6,7349.88
1.72108E+12,63694.7,63757,63462.3,63499.2,4103.24
1.72108E+12,63499.2,64776.7,63463.8,64309,30916.281
1.72108E+12,64309,64870.7,64185.6,64680.6,14187.342
1.72109E+12,64680.6,64936.1,64405,64580.6,14090.426
1.72109E+12,64580.6,64832.9,64437.8,64811.9,6534.863
1.7211E+12,64811.9,64819.1,64507,64783.6,7048.083
1.7211E+12,64783.5,64840.7,64580,64725.1,5469.813
1.7211E+12,64725.1,64988.8,64439.4,64465.5,11864.183
1.72111E+12,64465.6,64532.9,63444,63632,29398.119
1.72111E+12,63631.9,63861,62764.1,62880.2,23507.472
1.72111E+12,62880.2,63303.6,62672.4,62881.8,21535.725
1.72112E+12,62881.8,63064,62350,62799.2,20345.668
1.72112E+12,62799.1,63225,62651.2,63152.2,15051.708
1.72112E+12,63152.2,63642.5,63054.3,63404.3,15498.608
1.72113E+12,63404.3,63839,63104.2,63719.8,15962.765
1.72113E+12,63719.8,64258.6,63565.5,63714.1,18514.222
1.72113E+12,63714.1,64066.8,63361.1,63391.1,16642.453
1.72114E+12,63390.5,63879,63031.5,63806.3,20485.862
1.72114E+12,63806.3,64942,63764.8,64833.9,29906.506
1.72115E+12,64833.9,65177,64169.5,64469.6,32590.539
1.72115E+12,64469.7,64614,64070.4,64509.9,9512.217
1.72115E+12,64509.9,64873.5,64363.7,64759.2,8437.511
1.72116E+12,64759.2,65150,64545.1,65125.2,13125.747
1.72116E+12,65125.2,65149,64578.4,64626.3,8187.547
1.72116E+12,64626.4,64811.5,64440.1,64464.5,5461.46
1.72117E+12,64464.4,64585.5,64058,64575.7,9685.597
1.72117E+12,64575.7,65388,64574.4,65010,16401.522
1.72117E+12,65010,65584.3,64885.3,65470.7,14770.207
1.72118E+12,65470.7,66100,65399.1,65632.9,22688.209
1.72118E+12,65632.9,65868.1,65500,65584,9859.905
1.72119E+12,65584.1,65766.2,65348,65662.8,7197.844
1.72119E+12,65662.8,65829.9,65507.3,65803.3,6417.453
1.72119E+12,65803.4,65968.5,65568.5,65587.3,8191.209
1.7212E+12,65587.3,65766.1,65438.4,65540.4,5875.417
1.7212E+12,65540.3,65551.7,65167.6,65226.2,9935.672
1.7212E+12,65226.2,65448,64769.6,65145.4,17609.764
1.72121E+12,65145.4,65479.5,65051.5,65299.9,7268.215
1.72121E+12,65300,65330.6,65068.5,65097.7,5541.204
1.72121E+12,65097.7,65125.6,64531,64700,18009.804
1.72122E+12,64699.9,64981.2,64543.9,64704.1,11266.696
1.72122E+12,64704.2,65300,64489.5,65102.1,21337.617
1.72122E+12,65102.1,65204.7,64627.2,64997.1,16722.05
1.72123E+12,64997.2,65379.8,64591.6,64695.8,15015.516
1.72123E+12,64696,64745.6,63823,64221.3,34981.707
1.72124E+12,64221.3,64393.6,63900.1,64255.2,11437.038
1.72124E+12,64255.2,64540.9,64183.4,64478,5253.488
1.72124E+12,64477.9,64722.8,64414.3,64550.6,6184.224
1.72125E+12,64550.7,64654.4,64464.3,64480.6,3279.274
1.72125E+12,64480.6,64537.3,64020,64276.5,9010.705
1.72125E+12,64276.6,64417.6,64074.6,64232,4653.073
1.72126E+12,64232.1,64345.2,64050,64055.7,4150.102
1.72126E+12,64055.8,64499.9,63871.2,64407,9226.444
1.72126E+12,64406.9,64645.8,64330,64640.1,5356.008
1.72127E+12,64640,65173.8,64210,64661.7,15875.098
1.72127E+12,64661.7,64929,64585.2,64827.8,4962.72
1.72128E+12,64827.9,64849.5,64502.2,64544.9,4638.613
1.72128E+12,64544.9,64835,64355.1,64719.4,5845.067
1.72128E+12,64719.5,65038.5,64676,64965.4,6319.163
1.72129E+12,64965.4,65005.7,64623,64644.8,5297.95
1.72129E+12,64644.8,64930.7,64604.2,64911.7,4912.952
1.72129E+12,64911.7,64918.3,64690.5,64831.7,3986.983
1.7213E+12,64831.6,64831.7,64464.8,64591.3,6150.472
1.7213E+12,64591.4,64733.7,64413,64728.9,5605.368
1.7213E+12,64729,64996.4,64695,64811.2,8973.522
1.72131E+12,64811.2,65098.9,64468.6,64568.2,12845.135
1.72131E+12,64568.3,64680,63668.3,63957.2,28358.896
1.72131E+12,63957.2,63965.6,63359.1,63500.1,29163.939
1.72132E+12,63500.1,63878.3,63272,63878.3,14865.57
1.72132E+12,63878.3,63933.3,63464.5,63529.9,7950.057
1.72133E+12,63529.9,63640,63300,63495.1,7404.582
1.72133E+12,63495,63725.5,63206.4,63535.6,9902.594
1.72133E+12,63535.5,63828,63413.1,63792.4,5172.105
1.72134E+12,63792.5,63880,63717.9,63817.1,3431.6
1.72134E+12,63817,64096.3,63681,64003.6,6886.462
1.72134E+12,64003.5,64059.8,63914.4,63959.9,2516.857
1.72135E+12,63960,63999.1,63519,63576.9,7501.007
1.72135E+12,63577,63839,63266.2,63791.1,8292.584
1.72135E+12,63791.2,63919,63611.5,63806,4530.626
1.72136E+12,63805.9,64348.2,63790.4,64298,10447.11
1.72136E+12,64297.9,64358,64111,64111,4717.432
1.72137E+12,64111,64227.8,64057.6,64143.2,3679.405
1.72137E+12,64143.1,64469.3,64111,64184.9,6738.862
1.72137E+12,64184.8,64184.8,63565,63673.9,13053.16
1.72138E+12,63673.9,63946.8,63371.4,63783.9,13139.166
1.72138E+12,63783.8,64100,63613.3,63672,9833.569
1.72138E+12,63671.9,64140,63624.1,63973.6,7953.412
1.72139E+12,63973.7,64165.8,63905.3,64095.2,4468.859
1.72139E+12,64095.6,64416,64016.1,64386.2,9473.036
1.72139E+12,64386.2,65300,64010.1,65104,31143.434
1.7214E+12,65105.1,65870,64968,65700.7,33922.134
1.7214E+12,65700.8,65800,65232,65791.5,19436.043
1.7214E+12,65791.5,66498,65784,66374,37192.902
1.72141E+12,66374.1,66800,66205.3,66711.1,19963.694
1.72141E+12,66711.2,66770.4,66382.7,66746.4,10276.045
1.72142E+12,66746.4,67362.8,66746.3,67107.8,29137.861
1.72142E+12,67107.8,67178.6,66850,66892.5,9611.461
1.72142E+12,66892.4,67320.9,66848.1,66861.4,7847.215
1.72143E+12,66861.5,66966.2,66623,66684.6,5156.49
1.72143E+12,66684.5,66883.5,66590.9,66627.9,4344.298
1.72143E+12,66627.9,66797,66228.2,66391,9954.362
1.72144E+12,66391,66676.6,66159.1,66327.4,5726.321
1.72144E+12,66327.5,66600,66288.1,66534.9,3262.968
1.72144E+12,66534.9,66721.5,66512.3,66568.7,3430.645
1.72145E+12,66568.7,66676.2,66438.1,66628.3,2855.595
1.72145E+12,66628.3,66628.4,66401,66506.1,2606.02
1.72146E+12,66506.1,66640.8,66470.3,66597.1,2157.484
1.72146E+12,66597,66729,66489.6,66526.3,3687.938
1.72146E+12,66526.4,66609.4,66422.9,66470.3,3170.241
1.72147E+12,66470.4,66700,66436,66545.4,3157.851
1.72147E+12,66545.3,66625,66450.7,66494.7,2839.963
1.72147E+12,66494.7,66532.3,66440,66445.9,1954.722
1.72148E+12,66446,66543.3,66436.3,66444.5,2069.511
1.72148E+12,66444.5,66622.5,66241.4,66502.9,6881.464
1.72148E+12,66503,66679,66470.2,66549.2,3636.301
1.72149E+12,66549.1,66799.9,66549.1,66797,5040.554
1.72149E+12,66797,67000,66632,66776.7,8692.325
1.72149E+12,66776.6,67648.7,66727.8,67368.8,21308.809
1.7215E+12,67368.8,67547.8,67180,67429.1,6051.778
1.7215E+12,67429.2,67478.6,67100,67195,5185.757
1.72151E+12,67195,67412.4,67182.3,67311.7,2762.793
1.72151E+12,67311.6,67316.4,66737.7,67059.2,9012.811
1.72151E+12,67059.3,67267.1,66799.8,67067.1,5871.488
1.72152E+12,67067.1,67150,67044.5,67095.6,2246.705
1.72152E+12,67095.6,67290.9,66918.4,67026.5,4123.081
1.72152E+12,67026.5,67400,66997,67242.1,4210.716
1.72153E+12,67242.2,67360,67226.4,67242.8,2129.973
1.72153E+12,67242.9,67346.1,67112.3,67145.8,2645.185
1.72153E+12,67145.8,67194.3,66961.5,67010.5,2969.592
1.72154E+12,67010.5,67073.2,66855.1,67015.4,3812.176
1.72154E+12,67015.4,67060,66574.2,66690,7714.779
1.72155E+12,66690,66796.9,66560,66670,3890.782
1.72155E+12,66669.9,66864.6,66645.6,66760.3,3351.188
1.72155E+12,66760.3,66994.7,66722.1,66944.1,3239.79
1.72156E+12,66944.1,67040.4,66767.3,66767.3,2858.232
1.72156E+12,66767.3,66854.8,66713.9,66845.4,2113.545
1.72156E+12,66845.4,66954.1,66800,66892.5,2384.989
1.72157E+12,66892.5,66935,66571.3,66731.9,5493.307
1.72157E+12,66731.9,67377.9,66642,67250.8,12214.725
1.72157E+12,67250.9,67498,66941.8,67130.9,11184.577
1.72158E+12,67130.9,67586.9,66905.8,67524.7,11897.098
1.72158E+12,67524.6,67719.8,66399,66620.9,20827.354
1.72158E+12,66620.9,67322,65750,66830,43746.951
1.72159E+12,66830.1,67700,66752.3,67391.4,13291.761
1.72159E+12,67391.5,68198.9,67239.9,67708.3,20860.466
1.7216E+12,67708.2,68292.6,67522.8,68169.8,10030.25
1.7216E+12,68169.8,68351.2,67902,67987.4,6978.312
1.7216E+12,67987.5,68181,67858.4,68138,5259.543
1.72161E+12,68138,68459.7,68001.4,68163.7,9081.867
1.72161E+12,68163.7,68207.8,67700,67809.1,9147.284
1.72161E+12,67809,68170,67710,68039.7,5587.046
1.72162E+12,68039.7,68077,67796.2,67847.3,5540.903
1.72162E+12,67847.3,67966,67710,67894.5,3975.83
1.72162E+12,67894.6,67917.5,67467.7,67600,6510.136
1.72163E+12,67600,67718.5,67100,67382,10509.363
1.72163E+12,67382.1,67385.6,67158,67210.3,5812.297
1.72164E+12,67210.4,67372.7,66999.2,67060.1,6687.353
1.72164E+12,67060,67395,66904.2,67389.3,5700.055
1.72164E+12,67389.4,67492.4,67265,67392.5,5012.166
1.72165E+12,67392.4,67571.4,67260,67479.1,3438.73
1.72165E+12,67479.1,67660,67327.5,67660,5475.225
1.72165E+12,67660,67932.2,66952.8,67073.5,20267.768
1.72166E+12,67073.5,67296.7,66577,66695.3,19702.858
1.72166E+12,66695.3,67169.5,66538.6,67044.3,10658.58
1.72166E+12,67044.3,67298.2,66784.1,67019.9,7687.15
1.72167E+12,67019.9,67437,66978.6,67429.8,5571.067
1.72167E+12,67429.9,67646.1,67297.7,67416.6,7655.056
1.72167E+12,67416.7,68228.6,67340.4,68193.5,13608.11
1.72168E+12,68193.6,68221.5,67785,68100,7388.849
1.72168E+12,68099.9,68144,67613,67822.2,5302.688
1.72169E+12,67822.2,67830,67459,67610,5521.744
1.72169E+12,67609.9,67615.3,67202.1,67499.2,7149.266
1.72169E+12,67499.2,67729.3,67414.6,67458.1,5591.701
1.7217E+12,67458.1,67473.4,67175.6,67380.3,5611.51
1.7217E+12,67380.2,67676.8,67203.1,67620,5765.83
1.7217E+12,67620,67688,67401,67437.3,3166.321
1.72171E+12,67437.3,67493.3,66908.3,66915,8945.606
1.72171E+12,66915.1,66932.6,66285.6,66399.9,18246.714
1.72171E+12,66400,66742.1,66351,66496.1,10938.717
1.72172E+12,66496.2,66628.3,66216.1,66550,7627.814
1.72172E+12,66549.9,66978.3,66485.3,66859.4,12394.284
1.72173E+12,66859.4,67135.5,66728.4,66897,7737.609
1.72173E+12,66897,66992.3,66773.1,66828.8,4429.31
1.72173E+12,66828.9,66833.5,66413,66641,10115.524
1.72174E+12,66641,66731.2,66345,66478.2,7977.192
1.72174E+12,66478.1,66730.1,65921.7,66072,25301.358
1.72174E+12,66072.8,67338,65958,67201.1,28493.864
1.72175E+12,67200.1,67223.1,66290,66552.8,24416.223
1.72175E+12,66552.8,66745.1,65800,65824.9,18859.417
1.72175E+12,65825,66097.6,65713.2,65921,16843.664
1.72176E+12,65921,66107.8,65756,65840.2,8440.945
1.72176E+12,65840.2,66061,65416.5,65516.1,13614.51
1.72176E+12,65516.2,65992.3,65453.4,65810.2,11409.324
1.72177E+12,65810.2,66040,65754.5,65853.9,4166.54
1.72177E+12,65854,66023,65758.4,65901.8,5479.882
1.72178E+12,65901.8,66033.1,65758.2,65916.4,4856.821
1.72178E+12,65916.3,66135.5,65750.9,65763.2,4831.152
1.72178E+12,65763.1,66100,65591.7,65646.7,6881.579
1.72179E+12,65646.7,65912.3,65450.8,65857.3,6378.989
1.72179E+12,65857.3,66100,65765.3,66027.5,5138.153
1.72179E+12,66027.4,66056,65756.9,65834,4196.722
1.7218E+12,65834,65900.1,65577.5,65793.4,4970.077
1.7218E+12,65793.5,65976.9,65740,65874.3,3705.265
1.7218E+12,65874.2,66052.8,65844.4,66049,3654.942
1.72181E+12,66049,66428.7,65974.9,66412.6,11490.135
1.72181E+12,66412.5,66451.7,66269.7,66377.6,4827.337
1.72182E+12,66377.5,66590,66327.5,66478.6,7138.606
1.72182E+12,66478.6,66533,66309.9,66345.7,4908.53
1.72182E+12,66345.7,66555,66153.9,66197.3,7235.012
1.72183E+12,66197.4,66880,66179.6,66315.7,17858.781
1.72183E+12,66315.7,67087.3,66257.2,66728.9,19531.902
1.72183E+12,66728.9,66788.3,66066,66155.7,19388.129
1.72184E+12,66155.8,66471.4,65950,66367.2,10975.937
1.72184E+12,66367.2,66687.9,66290,66561.6,6951.145
1.72184E+12,66560,66630,65681.3,65733.3,15186.923
1.72185E+12,65733.4,66085.7,65537,65631.8,13172.688
1.72185E+12,65631.8,66059.7,65627.7,66028,5451.964
1.72185E+12,66027.9,66047.6,65040.5,65624,17668.505
1.72186E+12,65624,65651.1,65220,65266.6,7459.471
1.72186E+12,65266.6,65444,65066,65350.8,6077.477
1.72187E+12,65350.7,65606.3,65249.7,65482.7,6159.301
1.72187E+12,65482.7,65482.7,64200,64467.9,45766.873
1.72187E+12,64467.9,64481.4,63916.2,64188,19905.642
1.72188E+12,64188,64272.1,63823.3,64074,14397.12
1.72188E+12,64073.9,64273,63800,64203.9,11416.23
1.72188E+12,64203.8,64317.1,64103.1,64245,5531.151
1.72189E+12,64244.9,64350,64067,64302.6,5932.246
1.72189E+12,64302.5,64378,64051.2,64115.1,6254.938
1.72189E+12,64115,64398.8,63857.2,64335.6,14261.706
1.7219E+12,64335.5,64474.2,64200,64290.4,5916.43
1.7219E+12,64291.1,64299.7,63951,64141.8,7350.372
1.72191E+12,64141.9,64274.9,64073,64082.6,4703.53
1.72191E+12,64082.6,64391.7,63900,64110.3,11827.172
1.72191E+12,64110.3,64342.2,63710,64034,15924.043
1.72192E+12,64034,64829.8,63456.7,64805.1,42716.133
1.72192E+12,64805,64993.6,64510,64773.3,15400.316
1.72192E+12,64773.3,65149.9,64605.8,64852.9,12535.984
1.72193E+12,64853,65062.6,64738.3,65028.9,7902.957
1.72193E+12,65028.8,65170,64357.5,64549.3,13257.803
1.72193E+12,64549.2,64989.1,64373.2,64669.5,9552.894
1.72194E+12,64669.5,65288,64390.8,65274.9,10288.01
1.72194E+12,65275.7,65998.8,65191.5,65815,18849.004
1.72194E+12,65815,66144,65609.8,65614.6,9081.066
1.72195E+12,65614.6,65799.5,65603.6,65773,4754.52
1.72195E+12,65773,66437.5,65688.2,66358.4,11017.501
1.72196E+12,66358.4,66533,66191.8,66402.1,9353.708
1.72196E+12,66402.1,67189.9,66362.2,66976.4,17318.958
1.72196E+12,66976.4,67470.4,66894,67014,16631.876
1.72197E+12,67014,67088.5,66861.2,67045.4,9053.769
1.72197E+12,67045.4,67082.5,66839.5,66899.9,4901.01
1.72197E+12,66899.9,67136.8,66849.9,67041.9,5547.702
1.72198E+12,67041.9,67168.2,66865.8,66873.8,7878.603
1.72198E+12,66873.7,67115,66873.7,67076.3,4590.99
1.72198E+12,67076.3,67466,67056.6,67256.6,9147.737
1.72199E+12,67256.7,67380.5,67126,67270.3,6625.734
1.72199E+12,67270.4,67341.5,67115,67293.9,4672.259
1.722E+12,67293.9,67374.9,67050.4,67282.1,7241.794
1.722E+12,67282.2,67954.9,67139,67862.7,22824.383
1.722E+12,67862.7,67982.4,66865.7,67290.7,27557.549
1.72201E+12,67290.5,67736.5,67247.2,67528,11809.45
1.72201E+12,67527.9,67656.5,67319,67367.7,6011.354
1.72201E+12,67367.6,67576.6,67277,67340.3,6158.612
1.72202E+12,67340.4,67575.2,67306.3,67541.8,5166.987
1.72202E+12,67541.7,68143,67511.3,67957.2,12820.752
1.72202E+12,67957.2,67966.9,67365,67402.7,10252.407
1.72203E+12,67402.7,68200,67395,67917.1,11059.394
1.72203E+12,67917.1,68055.6,67822.8,67898.4,4692.831
1.72203E+12,67899.8,67956.2,67810.3,67882.5,3049.166
1.72204E+12,67882.5,67923,67768.2,67847.1,3527.022
1.72204E+12,67847.1,67847.7,67588.3,67634.5,3353.672
1.72205E+12,67634.4,68052.9,67628.2,67995.9,4075.868
1.72205E+12,67995.8,68055.6,67740,67766.2,4225.88
1.72205E+12,67766.2,67877.4,67752.1,67839.1,1872.983
1.72206E+12,67839.1,67974.2,67836.8,67860.9,2682.21
1.72206E+12,67860.9,68055.6,67857.1,68055.6,3043.671
1.72206E+12,68055.5,68278.8,68004.3,68013.6,10115.545
1.72207E+12,68013.5,68149.6,67864.8,67962.2,4248.926
1.72207E+12,67962.1,68199,67918.6,68193.5,3428.955
1.72207E+12,68193.5,68244.6,68050,68125.2,3625.864
1.72208E+12,68125.3,68194.9,67975.2,68184.7,3248.486
1.72208E+12,68184.7,68450,68162.9,68371,9458.665
1.72209E+12,68371,69366,68364,69205.9,29667.234
1.72209E+12,69205.9,69381.7,68760.8,68952.5,16510.252
1.72209E+12,68952.4,69059.4,68549.3,68822,13494.136
1.7221E+12,68821.9,68960.4,68614,68662.1,9038.34
1.7221E+12,68662.2,68738.2,68400.4,68514.5,10271.789
1.7221E+12,68514.4,68976.4,68470,68511.4,11707.485
1.72211E+12,68511.4,68600,67538.4,68209.2,30380.106
1.72211E+12,68209.3,68455.4,66624.5,67758.8,101322.789
1.72211E+12,67758.7,69200,67559,68828.7,33559.614
1.72212E+12,68828.8,68830.8,68517.7,68599.9,6782.231
1.72212E+12,68600,68600,67744.2,67873.8,11340.924
1.72212E+12,67873.7,68057.9,67222.7,67929.4,12552.348
1.72213E+12,67929.4,68246.6,67880,68050,4546.404
1.72213E+12,68050,68127.7,67934.4,68117.1,2922.69
1.72214E+12,68117.1,68123.2,67910.9,67910.9,2231.681
1.72214E+12,67910.9,68003.5,67300,67315.3,6968.386
1.72214E+12,67315.2,67472.3,67037,67396.5,10415.721
1.72215E+12,67396.4,67559.7,67350.1,67459.9,4359.373
1.72215E+12,67459.8,67522,67277.7,67517.7,3406.362
1.72215E+12,67517.6,67528.3,67178.9,67355.7,3386.762
1.72216E+12,67355.7,67533,67293.9,67407.9,3697.764
1.72216E+12,67407.8,67655,67361.7,67530.2,4450.382
1.72216E+12,67530.2,67969.1,67525.3,67800,7455.908
1.72217E+12,67800.1,68093.4,67709.5,67961.4,6306.303
1.72217E+12,67961.5,68011.9,67824.5,67950.2,3978.311
1.72218E+12,67950.2,67995.6,67611.3,67712.2,7596.227
1.72218E+12,67712.2,67758.7,67527.4,67624.3,3816.352
1.72218E+12,67624.2,67736.8,67588.4,67646.2,2422.088
1.72219E+12,67646.1,67960,67646.1,67950.6,3554.578
1.72219E+12,67950.6,68300,67900,68206.7,6614.84
1.72219E+12,68206.6,68274.6,68053.5,68090,2950.553
1.7222E+12,68090,68144.2,67924,67985.9,2335.81
1.7222E+12,67986,68052.7,67771.6,68000,3326.587
1.7222E+12,68000,68230,67910.4,67977.1,4585.006
1.72221E+12,67977.1,68254.7,67920.5,68215.5,3033.499
1.72221E+12,68215.5,69100,68130.1,68687.5,17359.552
1.72221E+12,68687.4,68800,68299.1,68509.4,8503.16
1.72222E+12,68509.4,69669,68500,69527.2,25051.966
1.72222E+12,69527.1,69782.2,69273.9,69323.1,13541.874
1.72223E+12,69323.1,69441,69240,69349.1,5361.994
1.72223E+12,69349,69776.6,69349,69626.8,8558.609
1.72223E+12,69626.8,69872.6,69510,69553.1,9055.165
1.72224E+12,69553,69580,69412.2,69510.6,5464.793
1.72224E+12,69510.5,69680.7,69345,69436,6076.411
1.72224E+12,69436,69604.8,69403.9,69503.3,3868.268
1.72225E+12,69503.3,69729.4,69362.9,69594.1,6203.136
1.72225E+12,69594.1,69841.2,69549.8,69549.9,7126.569
1.72225E+12,69549.8,69950,69373.4,69776,15379.521
1.72226E+12,69776,70081,69051.4,69249.8,34846.574
1.72226E+12,69249.9,69284.8,68034,68200.1,41137.246
1.72227E+12,68200,68278.3,67650,68067.2,30882.922
1.72227E+12,68067.3,68093.1,66747.1,66921,43509.344
1.72227E+12,66920.9,67140,66365.8,66980.8,33636.74
1.72228E+12,66980.7,67541.1,66899.2,67389.7,18913.05
1.72228E+12,67389.8,67544.9,67209.6,67276.6,6824.655
1.72228E+12,67276.7,67372.7,67125,67348.4,4550.724
1.72229E+12,67348.4,67484.6,67000,67459.9,6348.223
1.72229E+12,67460,67521,67100,67195.3,4703.555
1.72229E+12,67195.3,67241.6,66547.1,66750,15633.767
1.7223E+12,66750.1,66837.9,65820,66572,24355.475
1.7223E+12,66571.9,66865.3,66022.8,66176.5,13221.982
1.7223E+12,66176.5,66441.7,65910.6,66396.6,10667.095
1.72231E+12,66396.6,66658.9,66350,66585.6,5743.726
1.72231E+12,66585.7,66790.4,66502.5,66778.2,4317.804
1.72232E+12,66778.2,66778.3,66288,66455.9,7810.524
1.72232E+12,66455.9,66748.4,66432.8,66733.2,4165.184
1.72232E+12,66733.2,66966.6,66733.1,66914,7459.885
1.72233E+12,66914,66956.6,66683.4,66740,6032.575
1.72233E+12,66739.9,66869,66404.1,66580,7093.283
1.72233E+12,66580.1,66662.5,66358.9,66545.7,6928.566
1.72234E+12,66545.7,66682.8,66452.5,66532.5,3393.47
1.72234E+12,66532.6,66797,66200,66635.4,11610.528
1.72234E+12,66635.4,66923.8,66302.7,66357.3,10617.83
1.72235E+12,66357.3,66426.3,65600,65779.4,23581.41
1.72235E+12,65779.3,66320.4,65500,66198,20218.77
1.72236E+12,66198,66526.1,66120,66150.2,8097.586
1.72236E+12,66150.2,66190,65656,65839.8,15950.058
1.72236E+12,65839.8,66058.6,65549.1,65800.2,12904.572
1.72237E+12,65800.1,65993.3,65501.1,65899.4,10796.593
1.72237E+12,65900,66195,65254.5,66155.3,20347.512
1.72237E+12,66155.2,66276.3,65905,66265,4409.07
1.72238E+12,66264.9,66319,66040.2,66192,4096.995
1.72238E+12,66191.9,66279.9,66093.4,66159.3,2730.551
1.72238E+12,66159.3,66380,65825.9,66313.9,7285.744
1.72239E+12,66314,66373.4,66066,66269.1,4355.04
1.72239E+12,66269.1,66380,66036,66084.4,4559.39
1.72239E+12,66084.5,66203.2,66006.3,66028.9,3778.385
1.7224E+12,66028.1,66073.3,65459.4,65774.1,12128.912
1.7224E+12,65774.1,66198.7,65550,66154.2,9543.399
1.72241E+12,66153.9,66540.8,66088.5,66425.4,13269.79
1.72241E+12,66425.5,66499.7,66185.3,66196.4,5943.893
1.72241E+12,66196.4,66348,66010,66285.1,6148.489
1.72242E+12,66285.2,66360.4,66127,66230,3468.47
1.72242E+12,66230,66230.1,65906.7,65960.2,6342.838
1.72242E+12,65960.2,66120,65930,66062.6,3194.178
1.72243E+12,66062.7,66270,65954.3,66128.8,6206.567
1.72243E+12,66128.8,66826.3,66102.1,66484.5,16128.854
1.72243E+12,66484.6,66706.2,65939.7,66409.9,18364.358
1.72244E+12,66410,66531.3,66289.4,66354.5,5571.175
1.72244E+12,66354.4,66745.8,66260,66334.3,9282.251
1.72245E+12,66334.3,66820,66267.4,66656.1,9811.358
1.72245E+12,66656.1,66710.3,66107.4,66498.5,17883.749
1.72245E+12,66498.5,66620,64894,65229.8,34096.556
1.72246E+12,65228.1,65399,64504.5,64577.4,23917.254
1.72246E+12,64577.4,65121.8,64500.4,64950,14476.457
1.72246E+12,64950.1,65029.5,64600,64943.4,5652.231
1.72247E+12,64943.3,64968.1,64600,64601.8,4980.108
1.72E+12,64601.8,64824.4,64320,64626.4,11766.814
1.72E+12,64624.7,64801.9,64083,64172.6,13276.961
1.72E+12,64172.7,64236.1,63863.3,64081,17296.032
1.72E+12,64081.1,64101.1,63722,63912.8,10737.165
1.72E+12,63912.7,64036.4,63600,63716.9,11973.073
1.72E+12,63717,64330.4,63559.5,64279.5,17724.338
1.72E+12,64279.5,64432.6,64100,64204.5,7952.429
1.72E+12,64204.4,64468.6,64194,64297.4,5613.711
1.72E+12,64297.5,64530,64280.1,64472.2,4761.653
1.72E+12,64472.2,64681.9,64435.1,64441.9,5845.793
1.72E+12,64441.9,64592.3,64280,64554.6,5307.174
1.72E+12,64554.4,64666,64431.5,64645.3,4599.628
1.72E+12,64645.2,64890,64605.1,64855.9,9636.548
1.72E+12,64855.9,64927.2,64430.9,64724.7,10200.123
1.72E+12,64724.6,64752.4,63911,63918.1,21540.744
1.72E+12,63918.1,63942.5,62646.7,62892.6,59798.958
1.72E+12,62892.6,63188,62650,62890.1,19219.782
1.72E+12,62890,63244,62271.2,63202.4,31609.064
1.72E+12,63202.5,63419.3,62800,62945,21497.562
1.72E+12,62945,63480,62927.1,63403,9462.371
1.72E+12,63403,64777,63312,64744.5,25920.508
1.72E+12,64744.6,65350,64615.3,64879.7,18926.935
1.72E+12,64879.8,65650,64854,65168,17382.089
1.72E+12,65168.1,65450,64962.5,65328.9,10605.135
1.72E+12,65329,65577,64871.3,64877.8,10301.899
1.72E+12,64877.8,64880,64537.4,64628.5,11782.086
1.72E+12,64628.4,64813.8,63630.6,64344.4,22150.775
1.72E+12,64344.5,64625.5,64224.2,64600.1,8393.407
1.72E+12,64600.1,64640,64421.5,64518.2,5305.797
1.72E+12,64518.3,64527.3,64055,64160.9,8682.156
1.72E+12,64161,64625,63800,64446.4,13006.387
1.72E+12,64446.5,64498,64102.1,64146,8157.649
1.72E+12,64146,64577,64026.5,64569.7,9371.113
1.72E+12,64569.8,64600,64399.4,64485.3,4762.085
1.72E+12,64485.4,64870,64343,64738.9,8101.678
1.72E+12,64738.9,64957.4,64630,64640,10890.776
1.72E+12,64640,64962.9,64086.3,64828.3,27848.063
1.72E+12,64828.2,65534.3,64538.1,65208.2,24979.359
1.72E+12,65208.2,65348.4,63088,63145.6,52368.144
1.72E+12,63145.6,63600,62350,63393.5,56821.312
1.72E+12,63393.5,63600,62943.6,63289.9,19680.843
1.72E+12,63290,63439,63038.5,63075.4,9349.953
1.72E+12,63075.4,63203.2,62748,62875.5,11452.835
1.72E+12,62875.1,62965,62478,62619.7,16762.695
1.72E+12,62619.6,63181,62010,62600,27396.637
1.72E+12,62600,62715,61255,61966.6,27625.059
1.72E+12,61966.6,62227.9,61200.2,61377.9,14259.55
1.72E+12,61377.8,61761.4,61285.7,61483.7,12178.162
1.72E+12,61483.7,61700,60882.4,61117.5,15316.661
1.72E+12,61117.5,61366.8,60473.3,61313.9,28488.202
1.72E+12,61313.9,61586,61182.2,61417.4,9714.287
1.72E+12,61417.5,61956.4,61280,61862.2,12206.195
1.72E+12,61862.2,61945,61380.8,61544.2,7435.168
1.72E+12,61544.1,61696.7,61482.6,61673.9,3670.939
1.72E+12,61673.8,61825.5,61638.3,61804,3713.836
1.72E+12,61803.9,61876.4,61589.6,61636,4406.608
1.72E+12,61636,61721.7,61450,61606,5590.111
1.72E+12,61606,61722.2,61420.2,61707.6,4645.439
1.72E+12,61707.6,61865.4,61636.9,61787.4,4407.347
1.72E+12,61787.3,61986.3,61753.7,61884.8,5110.473
1.72E+12,61884.7,62166,61811.5,61969,8786.202
1.72E+12,61969.1,62013,61821.9,61982.7,5502.694
1.72E+12,61982.8,62145,61868.1,61959.9,5313.337
1.72E+12,61960,62065.1,60800,60857.7,23147.796
1.72E+12,60857.8,61262.5,60366,60892.7,45847.281
1.72E+12,60892.6,60999.1,60425,60553.1,15084.089
1.72E+12,60553,60824.8,60090,60224.9,17818.628
1.72E+12,60225,60621,59888,60216.7,21812.582
1.72E+12,60216.8,60690,60132.8,60374.9,10646.005
1.72E+12,60374.9,60842.2,59800,60631.3,17116.72
1.72E+12,60631.4,60747.1,60345.4,60610.8,6372.046
1.72E+12,60610.7,60809.2,60363.6,60684.6,8317.31
1.72E+12,60684.5,60800,60571.2,60726.4,3906.36
1.72E+12,60726.4,60753.5,60290.9,60715,5643.803
1.72E+12,60715,61089.5,60686,60856.4,8508.172
1.72E+12,60856.3,60883.5,60654.6,60705.3,4981.907
1.72E+12,60705.3,60773,60523.9,60540.5,3876.585
1.72E+12,60540.6,60915.1,60519.5,60762,4013.338
1.72E+12,60762.1,60840,60681,60789,2121.585
1.72E+12,60788.9,60801.4,60228,60346,8237.018
1.72E+12,60344.6,60649.9,60080.5,60544.6,8546.104
1.72E+12,60544.6,60710.7,60481,60678.8,3813.214
1.72E+12,60678.8,60818.3,60501.4,60788.1,5878.682
1.72E+12,60788.2,60986.2,60745.1,60880.1,7595.958
1.72E+12,60880.1,61064.6,60771.8,61032,5855.721
1.72E+12,61032,61057.1,60800.1,60800.1,3974.319
1.72E+12,60800.2,60854.9,59255.8,59564,43357.034
1.72E+12,59564,59579.9,58926.1,59070,27844.334
1.72E+12,59069.9,59295,58591.9,58647.2,26116.138
1.72E+12,58647.3,58735.4,57040,57844.4,62970.67
1.72E+12,57842.1,58906.2,57719.5,58734.6,28600.667
1.72E+12,58734.6,59475,58503.2,59234,23343.342
1.72E+12,59233.9,59569.2,58824,59126.9,12930.789
1.72E+12,59126.9,59138,58332.5,58443.9,10884.188
1.72E+12,58444,59115.5,58362,58694.1,14377.242
1.72E+12,58694,58739.8,57975.4,58144.5,12135.245
1.72E+12,58144.5,58286.9,55650,56143.9,71955.577
1.72E+12,56141.9,56273.7,52222,54389.5,148957.737
1.72E+12,54389.6,54686.6,53568.2,54669.3,47458.172
1.72E+12,54669.3,54687.4,53750.1,53864.1,27580.158
1.72E+12,53864,54538,53355,53505.1,27206.987
1.72E+12,53505.2,53843.6,52222,52696.4,67459.06
1.72E+12,52696.5,52953,48888,51562.1,139486.245
1.72E+12,51562,53064.7,51327.5,52645.6,51426.846
1.72E+12,52645.6,53200,52250,52727.7,36124.329
1.72E+12,52727.8,52912.8,51725.5,52637.8,26784.434
1.72E+12,52637.7,52637.7,50647.7,51364.1,57583.69
1.72E+12,51364.1,51886.8,50590.1,51316.8,49737.087
1.72E+12,51316.7,51530,49501,49790,71915.422
1.72E+12,49788.4,52554.6,49570.3,51927.7,98730.618
1.72E+12,51927.7,54489.5,51922.9,54028.3,94487.427
1.72E+12,54028.3,54952.3,53485.9,54289.8,48573.595
1.72E+12,54289.7,55523,54010.3,54016.1,46065.578
1.72E+12,54016.2,55050,53730,54676.2,31064.812
1.72E+12,54676.2,54691,52945.1,53082.6,27779.467
1.72E+12,53082.6,53585,52520.4,53450.4,36809.706
1.72E+12,53450.3,54385,53439.9,54370.4,24769.4
1.72E+12,54370.3,55192.2,54241.1,54344.9,18560.017
1.72E+12,54344.9,54948.8,54167.1,54672.6,14910.105
1.72E+12,54672.7,55062,53853.6,54003.1,16555.556
1.72E+12,54003.5,56066.3,53925.3,56010.1,34313.105
1.72E+12,56010.1,56254.8,55405,55690,21483.053
1.72E+12,55689.9,56037.6,55594.9,55809.4,10855.298
1.72E+12,55808,55862,55437,55638.1,8439.159
1.72E+12,55638.1,55736,55220,55470,10530.8
1.72E+12,55470,55975,55230,55910,11507.91
1.72E+12,55909.9,56029.7,55498.3,55759.2,12502.521
1.72E+12,55759.2,56152,55413.3,55979.1,11834.271
1.72E+12,55979,56090,54570.2,54969.9,27559.613
1.72E+12,54970,55303.3,54531.6,55185,18886.118
1.72E+12,55185,55422.9,54854.2,55039.9,12010.276
1.72E+12,55039.9,55377,54840.7,55188,11408.424
1.72E+12,55188,55443.2,54659.2,54752.6,16058.317
1.72E+12,54752.6,55413.2,54288,55180.1,34508.962
1.72E+12,55180.2,56599,55116.6,56095.6,55133.049
1.72E+12,56095.5,56400,55704,56370,20850.172
1.72E+12,56370,56877.4,56205.1,56743.7,23564.714
1.72E+12,56743.7,56900,56449,56456,15016.966
1.72E+12,56455,56999.9,56313.5,56693.9,18222.588
1.72E+12,56693.9,56848.2,56264,56737,11477.098
1.72E+12,56737,56833.6,56159.6,56512,13614.58
1.72E+12,56511.9,56602.8,56074.4,56429,6902.524
1.72E+12,56429,56919.8,55919,56175.5,19790.02
1.72E+12,56175.4,56393.9,55792,55991.2,9483.901
1.72E+12,55991.3,56355.5,55516.3,56251.2,16716.642
1.72E+12,56251.2,57000,55756.9,56935.2,18980.423
1.72E+12,56935.2,57249,56456.4,56730,22947.725
1.72E+12,56730.1,56950,56549.5,56826.8,7009.864
1.72E+12,56826.9,57215.5,56710,57018,10494.775
1.72E+12,57018,57219.4,56666.3,56765.9,10622.093
1.72E+12,56766,56968,56660.7,56809.5,6322.696
1.72E+12,56809.5,57063.9,56510,56898.7,8952.537
1.72E+12,56898.8,57460,56838,57320.5,14965.059
1.72E+12,57320.5,57648.7,57142,57319.4,19085.098
1.72E+12,57319.4,57699,57225.6,57300.4,9597.618
1.72E+12,57300.4,57352.4,56843.6,56938,14307.919
1.72E+12,56938,57306.1,56780.9,57261,14391.188
1.72E+12,57261,57454,56673,56800.9,19845.173
1.72E+12,56800.9,56975.6,55620.5,56060.1,40900.292
1.72E+12,56060.1,56379,55755,56067.5,17561.383
1.72E+12,56067.4,56274,55793.4,56098.9,12884.879
1.72E+12,56098.9,56279.8,55395.5,55545.4,18895.693
1.72E+12,55545.9,55605,54650,54785.5,26257.506
1.72E+12,54785.4,55126,54663.3,54739.9,14155.591
1.72E+12,54739.9,55282.3,54613,55124,18684.713
1.72E+12,55124.1,55550,54834.6,55390,10873.347
1.72E+12,55389.1,55438.2,54519.8,55258.2,15600.886
1.72E+12,55258.3,55408.1,54897.5,55102.9,7389.44
1.72E+12,55102.9,55339.6,54672.4,55270.6,10251.379
1.72E+12,55270.6,57688.8,55236,56842.1,37155.919
1.72E+12,56842,57612,56792.8,57334,19663.752
1.72E+12,57334.1,57621.9,57022,57031.7,11096.219
1.72E+12,57031.8,57220,56636.9,56744.8,11326.557
1.72E+12,56744.9,56996.9,56700,56934.9,5463.666
1.72E+12,56934.9,57333,56757.1,57191.9,8807.118
1.72E+12,57191.9,57399.2,57095.3,57166.4,8619.092
1.72E+12,57166.4,57358.3,57090,57209.9,5408.131
1.72E+12,57209.9,57475,56943.7,57316.6,9152.51
1.72E+12,57316.5,57550.5,57159.5,57351.1,7640.019
1.72E+12,57351,57650,57225.3,57292.3,8981.471
1.72E+12,57292.4,58500,57000,57893.6,41801.062
1.72E+12,57893.6,58241,56645,57247.9,35716.202
1.72E+12,57247.9,58984.8,57146.4,58880.8,45065.536
1.72E+12,58880.8,59493,58608.6,59391.3,38450.67
1.72E+12,59391.9,59835.8,59310.1,59531.9,30089.873
1.72E+12,59531.9,59839.7,59244.8,59439.4,13399.215
1.72E+12,59439.5,59676,59300.5,59301,7891.144
1.72E+12,59301,59797.2,59213.6,59389.1,10364.267
1.72E+12,59389,59657,59273.5,59468.4,5778.968
1.72E+12,59468.3,61359,59468.3,61154.7,25014.796
1.72E+12,61154.8,62500,60585.4,62301.9,43241.958
1.72E+12,62301.9,62737.2,61590.3,61659.8,29737.984
1.72E+12,61659.8,61726,61061,61187.1,17908.963
1.72E+12,61187,61513.6,60728.7,61366.7,15808.82
1.72E+12,61366.7,61428.7,61100,61203.9,5796.215
1.72E+12,61204,61540,61125.7,61327,5854.078
1.72E+12,61327,61361.9,60688,60699.8,9237.023
1.72E+12,60699.8,60977,60555,60957.3,7774.107
1.72E+12,60957.3,61092,60705,60855.8,8061.417
1.72E+12,60855.8,61200,60721.9,60844,7800.598
1.72E+12,60844.1,61087.5,60574,61063,8258.211
1.72E+12,61063,61184.9,60675,60723.8,8492.66
1.72E+12,60723.8,60822,60150,60574,19886.751
1.72E+12,60574.1,60775,60321.6,60633.5,7766.776
1.72E+12,60633.5,60774,60206.7,60531.4,9238.386
1.72E+12,60531.5,60720,59764.3,60425.4,26229.77
1.72E+12,60425.5,61089.7,59500,60322,43430.614
1.72E+12,60322.1,60553.2,59754.8,59786.4,16791.058
1.72E+12,59786.4,60428.9,59705.9,60406.6,16867.646
1.72E+12,60406.7,60724.9,60122.9,60172.7,10793.512
1.72E+12,60172.7,60350,59803.2,60291.1,9310.597
1.72E+12,60291.1,60729.5,60092.8,60649.5,7514.401
1.72E+12,60649.6,60961.5,60481.5,60707.2,7571.126
1.72E+12,60707.2,60850.8,59862.6,60696.6,16522.083
1.72E+12,60696.6,60955,60250.1,60726.1,14159.935
1.72E+12,60726.1,60897,60312,60808.6,7599.592
1.72E+12,60808.6,61450,60454,60511.6,17040.575
1.72E+12,60511.6,60935.1,60414.5,60429.8,6305.288
1.72E+12,60429.9,60697.7,60277.1,60511.6,4625.282
1.72E+12,60511.5,60511.6,60231.6,60410,4821.384
1.72E+12,60410,60415.5,60208.5,60389.5,3029.045
1.72E+12,60389.5,60443,60295.8,60336.1,2606.294
1.72E+12,60336.1,60489,60284.3,60427.5,2484.49
1.72E+12,60427.6,60823.7,60427.5,60809.5,5102.352
1.72E+12,60809.6,60858.9,60582.4,60706.6,4554.608
1.72E+12,60706.5,61082,60704.1,60866.9,6907.293
1.72E+12,60866.9,60988.5,60600,60750.2,5956.108
1.72E+12,60750.2,60978.4,60722,60892.4,3006.959
1.72E+12,60892.3,60926,60678.5,60688.9,3205.604
1.72E+12,60688.9,60719.7,60387.1,60399.9,7213.38
1.72E+12,60400,60644,60375,60553.9,3929.963
1.72E+12,60553.9,60728.6,60464.1,60480.5,3513.39
1.72E+12,60480.5,60689,60360,60645.8,4746.447
1.72E+12,60645.8,60841.3,60522.9,60739,3060.495
1.72E+12,60738.9,61200,60698.4,60928,10420.66
1.72E+12,60928,61115.8,60804.5,60989.1,3351.005
1.72E+12,60989.1,61084.2,60866.8,60954.4,2455.602
1.72E+12,60954.4,61136.3,60931.8,61040.6,2236.951
1.72E+12,61040.6,61050,60854.8,60900.6,2133.661
1.72E+12,60900.5,60914,60721,60889.9,2886.518
1.72E+12,60889.8,61217,60857,61059.1,5291.1
1.72E+12,61059.1,61138,60915,61082.1,2224.095
1.72E+12,61082.1,61101.3,60944.3,60999.2,1638.452
1.72E+12,60999.3,61350,60990,61054.8,6895.867
1.72E+12,61054.8,61112.9,60838.5,60861,6093.354
1.72E+12,60861,61120,60846.6,61080.9,2428.876
1.72E+12,61081,61137.4,60967.6,61091.1,2399.512
1.72E+12,61091.1,61233,61052,61224.9,3501.014
1.72E+12,61225,61399,61119.4,61226.1,5671.283
1.72E+12,61226.1,62000,60960,61078.8,16461.738
1.72E+12,61078.7,61244.1,60910,61003.7,5556.477
1.72E+12,61003.6,61041,60380.1,60637.6,14642.41
1.72E+12,60637.5,60677,60188,60469.9,9660.599
1.72E+12,60470,60595,60140,60425,9204.925
1.72E+12,60424.9,60736.6,60158.4,60312.9,9399.303
1.72E+12,60312.8,60402,59911,60100,11436.299
1.72E+12,60099.9,60266.2,59956,60154.6,6187.568
1.72E+12,60154.6,60330.6,59986.7,60237.8,4253.057
1.72E+12,60237.8,60320.4,60093.1,60235.6,2679.302
1.72E+12,60235.6,60250,59512.2,59598,11616.819
1.72E+12,59598.1,59657.5,58255.4,58480,30615.504
1.72E+12,58479.9,59061.8,58272.9,58976.4,12904.61
1.72E+12,58976.3,59336.6,58500,58961,16451.262
1.72E+12,58960.9,58995.5,58672,58693.1,5325.65
1.72E+12,58693.1,59055,58078.8,58433.5,15947.836
1.72E+12,58433.4,58777,58251.8,58564.1,8493.165
1.72E+12,58564.1,58733,58300,58691.8,5594.373
1.72E+12,58691.8,58800,58410.2,58488.6,4240.45
1.72E+12,58488.6,58655.6,58340,58494.7,3471.691
1.72E+12,58494.8,58673,58375.2,58549.4,3872.314
1.72E+12,58549.4,58616.5,58112,58376.2,7117.295
1.72E+12,58376.3,58958.1,57615,58640.1,26061.328
1.72E+12,58640.1,59000,58204.8,58291.1,12352.072
1.72E+12,58291.1,58612,58140,58267.5,8908.747
1.72E+12,58267.5,58963.4,58086.1,58935.4,12197.854
1.72E+12,58935.4,59937.8,58846.6,59809.2,28204.046
1.72E+12,59809.2,59900,59490,59700,13716.675
1.72E+12,59699.9,59850,57930,58133.7,34176.449
1.72E+12,58133.7,60666,57774,60265.3,62330.014
1.72E+12,60265.2,60480,59185,60171.2,33760.294
1.72E+12,60171.3,60390.8,59527,59581.7,17232.522
1.72E+12,59581.7,59894.1,59230,59276.9,9861.672
1.72E+12,59276.9,59470,58403.9,58511.2,14133.827
1.72E+12,58511.4,59268.9,58511.3,59025.9,12607.054
1.72E+12,59026,59371.9,58700.4,58817.6,10717.174
1.72E+12,58817.6,59204.4,58520.7,58951.2,7704.347
1.72E+12,58951.2,59231.6,58814,59030,4514.001
1.72E+12,59030.1,59721,58997.7,59323.6,9911.09
1.72E+12,59323.7,59866.5,59240.6,59762.4,9660.835
1.72E+12,59762,59895,59424.4,59706.1,6964.203
1.72E+12,59706.1,59752.4,59256.6,59450,5576.465
1.72E+12,59450.1,59495.7,58840.2,59014,11682.037
1.72E+12,59014,59224.4,58803,59196,4932.26
1.72E+12,59195.9,59339.1,59066.2,59187.9,3400.159
1.72E+12,59188,59442.5,58960,59335.4,5553.357
1.72E+12,59335.5,59429.5,59028.7,59209,4782.744
1.72E+12,59209.1,59302.5,58901.7,59068.1,5528.731
1.72E+12,59068.2,59076.8,58668.2,58912.8,7502.096
1.72E+12,58912.9,58941.9,58360,58637.7,9221.081
1.72E+12,58637.7,58880,58484.3,58803,4983.26
1.72E+12,58803,59169.6,58668,59095.4,14431.303
1.72E+12,59095.4,59393.3,58805.3,59362,15990.697
1.72E+12,59361.9,59748.8,58986.2,59606.1,20592.184
1.72E+12,59606.2,59693.2,59302.4,59438.4,7286.966
1.72E+12,59438.4,61150,59402.6,61121,33673.912
1.72E+12,61121,61545,60867.1,61134.1,29585.985
1.72E+12,61134.1,61187.1,60740,60774.5,12972.291
1.72E+12,60774.5,60946.4,60217.5,60792.1,17414.651
1.72E+12,60794.5,60949.8,60535.3,60543.6,5632.228
1.72E+12,60543.6,61120.8,60480.7,61005.8,6156.236
1.72E+12,61005.7,61034.1,60410.4,60557.5,8844.137
1.72E+12,60557.5,60588,60355,60550.5,3566.903
1.72E+12,60550.4,60825.1,60390,60751.2,5025.665
1.72E+12,60751.2,60790.8,60476.2,60488,3887.425
1.72E+12,60488,60813,60458.7,60775.9,4283.709
1.72E+12,60775.9,61277,60775.9,60920,8374.155
1.72E+12,60920.1,61131.2,60859,60913.3,4388.538
1.72E+12,60913.3,61049,60763.4,60800.5,3352.854
1.72E+12,60800.4,60877.7,60588.8,60828.3,7497.852
1.72E+12,60828.3,60911,60663.2,60887.2,3025.947
1.72E+12,60887.3,60915,60600,60859.8,5192.525
1.72E+12,60859.8,60951,60758.4,60819.9,3157.582
1.72E+12,60819.9,61299.1,60800,61064.9,9666.088
1.72E+12,61065,61419.2,60841.7,61260.7,11241.204
1.72E+12,61260.6,61839.7,60798.2,61026.8,35735.882
1.72E+12,61026.8,61131.9,59440,59583,44609.34
1.72E+12,59582.9,59597.8,58773.3,59468.5,45103.426
1.72E+12,59468.4,59810,58850,59396.9,32169.464
1.72E+12,59396.9,59422.2,58500,59090.5,22248.036
1.72E+12,59090.5,59342.5,59000,59129.2,8391.636
1.72E+12,59129.3,59436.2,58749.9,58954.1,9770.479
1.72E+12,58954,59090,58658.7,58854,7326.413
1.72E+12,58853.8,59151.6,58846.3,59113.6,4014.091
1.72E+12,59113.6,59125,58835.7,58884.8,3109.971
1.72E+12,58884.8,58984,58367.2,58953.6,9891.033
1.72E+12,58953.6,58996,58640,58648.1,4199.493
1.72E+12,58648.1,59001.2,58637.2,58958.9,5432.121
1.72E+12,58958.9,59021,58059.2,58172.7,10790.491
1.72E+12,58172.7,58539,57971.2,58392,16004.562
1.72E+12,58392.8,58474.7,58320.6,58420,2894.793
1.72E+12,58420,58448.5,58134.2,58366.1,5285.14
1.72E+12,58366,58622,58165.2,58292.5,6332.054
1.72E+12,58292.6,58371.9,57800,58078.7,11265.409
1.72E+12,58078.6,58130,57679.6,58031.9,10690.856
1.72E+12,58031.9,58361.3,57937.7,58344.5,7454.312
1.72E+12,58344.4,58518,58258.5,58371.9,7701.313
1.72E+12,58372,58514,58258.1,58326,4869.552
1.72E+12,58326,58836.5,58320,58712.1,10925.978
1.72E+12,58712,59349.8,58576,58766.2,27450.107
1.72E+12,58766.2,59454.5,58508.1,59420.2,21565.808
1.72E+12,59420.1,59717,59175,59385.9,19994.171
1.72E+12,59386,59749.2,59232.6,59643.7,12763.913
1.72E+12,59643.3,59820,59388,59503,12366.811
1.72E+12,59502.9,59518.6,58735.8,58840.6,14940.198
1.72E+12,58840.7,58845.9,57474.2,57831.9,45570.73
1.72E+12,57831.9,57925,56633,57002.4,41344.79
1.72E+12,57002.5,57090.3,55969,56634.9,25935.206
1.72E+12,56634.9,57599,56571.3,57582.9,20462.628
1.72E+12,57583,57850,57342,57584.1,11996.883
1.72E+12,57584,57789,57447.4,57511,6778.12
1.72E+12,57511.1,57642.1,57326.5,57438.3,6816.014
1.72E+12,57438.3,57592.4,57062.1,57515.3,9606.218
1.72E+12,57515.3,58494.9,57295.3,58168.5,18624.769
1.72E+12,58168.4,58188,57770,57858.1,7561.886
1.72E+12,57858.1,58288,57766.3,58279.2,7096.612
1.72E+12,58279.2,58300,58078.9,58157.3,4274.797
1.72E+12,58157.2,58619.9,58024.6,58495.1,9534.509
1.72E+12,58495.1,58523.9,58279.3,58423.4,5666.607
1.72E+12,58423.4,58578,58284,58326.2,5326.025
1.72E+12,58326.3,58656.2,58227.6,58645.1,8970.609
1.72E+12,58645.1,58645.1,58268.5,58405.7,5667.134
1.72E+12,58405.8,58600,58175.9,58369.3,8134.489
1.72E+12,58369.4,58484,57500,57844.3,23544.048
1.72E+12,57844.4,58908.5,57706.2,58310.1,34923.103
1.72E+12,58311.9,58447.3,57820,57983.8,17381.159
1.72E+12,57983.8,58192.8,57601.3,58035.6,11610.675
1.72E+12,58035.1,58692.4,57965.4,58529.9,15446.677
1.72E+12,58530,59350,58351,59184.2,16773.794
1.72E+12,59184.2,59541.3,59041.2,59431.7,16042.803
1.72E+12,59431.7,59780.2,59366.8,59649.2,12184.363
1.72E+12,59649.3,59678.2,59156,59228.5,8458.87
1.72E+12,59228.5,59282.9,58912.6,58993.4,5399.079
1.72E+12,58993.4,59152.8,58939.8,58939.8,3655.764
1.72E+12,58939.9,59025.1,58711.4,58854.9,6056.525
1.72E+12,58854.9,59233.9,58769.4,59151.3,6128.983
1.72E+12,59151.2,59363,59085.4,59212.2,4643.972
1.72E+12,59212.2,59310,59076.3,59121.9,2822.89
1.72E+12,59122,59154.8,58967.6,59128.2,3359.24
1.72E+12,59128.2,59236.5,59051.1,59189.3,2346.958
1.72E+12,59189.2,59222,59120,59133.1,1622.329
1.72E+12,59133.1,59197.7,59118.4,59130.4,1429.243
1.72E+12,59130.4,59238,59024.6,59222,2829.571
1.72E+12,59221.9,59269,59132.6,59256,2164.852
1.72E+12,59256,59450.1,59185,59292.1,4530.197
1.72E+12,59292.1,59320,59051.2,59077,4429.572
1.72E+12,59077,59151.3,59026,59106.5,2562.703
1.72E+12,59106.5,59244.4,59065.6,59198.6,2630.866
1.72E+12,59198.7,59412,59159.1,59289.4,5321.294
1.72E+12,59289.4,59557.9,59217,59499.9,4403.022
1.72E+12,59500,59638.8,59326.2,59357.6,5858.06
1.72E+12,59357.7,59690.2,59357.6,59582.5,4149.703
1.72E+12,59582.6,59642,59393.2,59399.3,3330.573
1.72E+12,59399.3,59445,59265.3,59387.2,3398.793
1.72E+12,59387.2,59518.6,59351,59446.3,1799.517
1.72E+12,59446.2,59473.5,59300,59364.6,1823.058
1.72E+12,59364.7,59406.6,59122.1,59279.1,2445.171
1.72E+12,59279.1,59320.8,59214.6,59286.7,1316.193
1.72E+12,59286.7,59474.4,59270.3,59468.5,1738.772
1.72E+12,59468.5,59722.6,59385.6,59646.8,4813.868
1.72E+12,59646.8,59663.2,59373,59407.4,3188.816
1.72E+12,59407.5,60242.2,59365.9,60102,12958.323
1.72E+12,60103.9,60249.8,59258.5,59308.5,13896.952
1.72E+12,59308.5,59469.8,59214,59429.4,5368.906
1.72E+12,59429.4,59666,59371.8,59455.3,4456.291
1.72E+12,59455.3,59600,59446.1,59563.6,1687.893
1.72E+12,59563.5,59625.6,59479,59545.4,2070.783
1.72E+12,59545.5,59691,59401.1,59675.6,3738.835
1.72E+12,59675.7,60099.7,59618.5,59850,8985.161
1.72E+12,59849.9,60177.4,59786.5,59832.2,10493.81
1.72E+12,59832.2,60012.6,59705.6,59991.3,6716.26
1.72E+12,59991.3,60250,59854.9,59944.7,6894.185
1.72E+12,59944.7,60199,59786.7,59794.1,5997.802
1.72E+12,59794.2,59942,59629.3,59777.1,6612.979
1.72E+12,59777,59900,59668,59828.8,2857.081
1.72E+12,59828.8,59916,59738.3,59808.1,2770.311
1.72E+12,59808,59833.3,59327.8,59496.8,9254.334
1.72E+12,59496.9,59594.8,59425.5,59564.8,2716.586
1.72E+12,59564.7,59736.6,59466.8,59671.9,3320.192
1.72E+12,59672,59847.5,59642.9,59784.5,2714.3
1.72E+12,59784.6,59786.9,59300,59412.6,3435.113
1.72E+12,59412.6,59556,59310,59315.1,3260.04
1.72E+12,59315.1,59379,58352,58390,21451.443
1.72E+12,58390.1,58673.2,58173.2,58307.8,19975.763
1.72E+12,58307.8,58587.2,58183,58525,8160.257
1.72E+12,58524.9,58712.5,58383,58631.4,4412.073
1.72E+12,58631.5,58736.6,58511.7,58696.6,4141.041
1.72E+12,58696.7,58710.6,58442.4,58548.5,4170.87
1.72E+12,58548.5,58588.5,58339.8,58447,4341.214
1.72E+12,58446.9,58634.3,58350,58539.9,3862.79
1.72E+12,58539.9,58724.8,58467.6,58475.5,4719.335
1.72E+12,58475.5,58628.5,58400,58580,3875.552
1.72E+12,58580,58648.7,57929.5,57977.2,15348.871
1.72E+12,57977.3,58169.7,57750,58016.1,13644.422
1.72E+12,58016.1,58480,57943.5,58360.9,8351.977
1.72E+12,58360.8,58482.7,58227,58382,6635.449
1.72E+12,58382.1,58945.4,58019.4,58176.7,25375.602
1.72E+12,58176.7,58618.7,58040.5,58587.5,14921.845
1.72E+12,58587.5,58748,58479.7,58505,9154.709
1.72E+12,58504.5,58685.7,58332,58670.2,7422.743
1.72E+12,58670.2,59262.9,58513.2,58991,17900.916
1.72E+12,58991,59211.5,58692.5,58975.5,8446.243
1.72E+12,58978.2,59106.6,58834,58933,5749.583
1.72E+12,58935.7,59319,58879.3,59048.2,6373.999
1.72E+12,59048.1,59217.5,58923,58936.1,4025.581
1.72E+12,58936.1,59233.4,58936.1,59203.1,3564.017
1.72E+12,59203.1,59585.4,59062.5,59398.5,9468.287
1.72E+12,59398.4,60663.8,59324.2,60454.6,28346.558
1.72E+12,60454.6,60887,60342,60415.3,14815.209
1.72E+12,60415.4,60529.1,60311,60491.4,4757.226
1.72E+12,60491.3,60594.1,60389.6,60588.6,3845.713
1.72E+12,60588.5,60997.9,60539,60840.9,12250.421
1.72E+12,60841,61386,60835,61088.9,14373.994
1.72E+12,61088.8,61113.9,60905,60929.1,5367.202
1.72E+12,60929.1,60982.1,60766.5,60899.9,6083.672
1.72E+12,60899.9,60921,60655,60732.9,6697.426
1.72E+12,60732.8,60949.7,60720.5,60833,4629.498
1.72E+12,60833,60850,60627,60682,3458.062
1.72E+12,60682,60711,60386.7,60494.9,8991.851
1.72E+12,60494.9,60735.2,60467.5,60663.8,6294.803
1.72E+12,60663.7,60920.5,60310.4,60850,15378.254
1.72E+12,60850,60875.4,59423.5,59438.7,46125.793
1.72E+12,59438.8,59471.9,58663.4,58783.7,41389.789
1.72E+12,58783.7,59008.7,58501.1,58759.1,15551.886
1.72E+12,58759.1,59030,58641.8,59007.4,7136.651
1.72E+12,59007.4,59444,58960.8,59157.6,12228.209
1.72E+12,59157.6,59574,59101.3,59482.5,6396.537
1.72E+12,59482.5,59689.5,59250,59282.4,6420.592
1.72E+12,59282.4,59305.9,58831.1,59255.1,8142.603
1.72E+12,59255,59526,59196.2,59334.1,4629.99
1.72E+12,59334,59370,58951.1,58982.9,3737.191
1.72E+12,58982.7,59250,58912.3,58959.1,5503.846
1.72E+12,58959,59259.7,58728.9,59251.5,6774.777
1.72E+12,59251.5,59489,59217.5,59336,4824.352
1.72E+12,59336.5,59393.9,59184.3,59290.3,3313.07
1.72E+12,59290.3,59382.3,59164.7,59330,2462.393
1.72E+12,59330,59380.7,59270,59356.4,2253.559
1.72E+12,59356.4,59721.2,59335.6,59600.7,7030.726
1.72E+12,59600.7,59715.5,59541.7,59689.2,5085.846
1.72E+12,59689.2,59893,59191.3,59414.1,13702.812
1.72E+12,59414.1,59477.6,59058,59253.7,8504.32
1.72E+12,59253.7,59460,59171.3,59438.1,4773.149
1.72E+12,59438.2,59479.6,59236,59332.4,3733.529
1.72E+12,59332.3,59584.6,59240.2,59480,7779.36
1.72E+12,59480,60098.1,58801.1,59904,26149.203
1.72E+12,59904,60192.3,59150,59381.6,43554.248
1.72E+12,59381.6,59753.8,59256.5,59486,12181.511
1.72E+12,59485.9,59924.2,59339.9,59853.9,9630.967
1.72E+12,59853.8,60020.8,59671.3,59902.9,6452.787
1.72E+12,59902.8,60800,59812.8,60734.5,22770.595
1.72E+12,60734.6,61600,60511.8,61538.1,30833.578
1.72E+12,61538.1,61793.9,60865.2,61204.3,21751.466
1.72E+12,61204.4,61466.5,60897,61206.4,9342.742
1.72E+12,61206.4,61474.7,61145.8,61145.9,5471.424
1.72E+12,61145.8,61250,60972,61120,6703.419
1.72E+12,61120,61184.7,60764.9,60791.4,6811.927
1.72E+12,60791.5,60974.6,60687.3,60940,6812.115
1.72E+12,60940,60944,59677.6,60144.7,20522.282
1.72E+12,60144.7,60598.2,60042,60514.9,11419.699
1.72E+12,60515,60832.8,60422.4,60795.2,7441.891
1.72E+12,60795.1,60795.2,60564.1,60689.1,4272.802
1.72E+12,60689,60925.6,60646.2,60740.1,5794.719
1.72E+12,60740,61128.8,60678,60946,5991.162
1.72E+12,60946,61092.2,60824,60890.7,6919.927
1.72E+12,60890.7,60944.3,60761.2,60850,4272.571
1.72E+12,60850.1,61392,60780,61317.5,9420.483
1.72E+12,61317.5,61359,61062.4,61297,7977.719
1.72E+12,61296.9,61364,60700,60851,19024.211
1.72E+12,60851.1,60895.9,60373.3,60777.4,18961.541
1.72E+12,60777.4,60818,60300,60475.9,15292.336
1.72E+12,60476,60822,60060.3,60370.9,18283.937
1.72E+12,60370.9,60554.9,60246.9,60301.4,8832.033
1.72E+12,60301.5,60484.7,60105.5,60134.7,7024.724
1.72E+12,60134.7,60542.3,60100,60296,7121.904
1.72E+12,60295.5,60411.2,60129.7,60272.7,5545.772
1.72E+12,60272.8,60660,60250,60637,6104.653
1.72E+12,60636.8,60673.1,60425.3,60513.6,2656.64
1.72E+12,60513.6,60564.5,60388.2,60408.7,2170.929
1.72E+12,60408.8,60439,60273.5,60349.9,2422.982
1.72E+12,60349.9,60990,60301.5,60695.9,10203.576
1.72E+12,60695.9,60828.4,60564.9,60727.9,4087.478
1.72E+12,60727.8,60781.9,60586.9,60598.8,2554.867
1.72E+12,60598.8,60665.8,60533.1,60565.1,2298.363
1.72E+12,60565,60696.8,60548.8,60683.2,2183.58
1.72E+12,60683.2,61078.8,60680,60829.1,10132.7
1.72E+12,60829.1,61370,60800.5,61163.6,9865.639
1.72E+12,61163.6,61237.3,60940.2,61045,6023.541
1.72E+12,61045,61310,61005.3,61296.9,6061.218
1.72E+12,61296.9,61317.7,60972,60995.1,6888.87
1.72E+12,60995.1,61140,60976.9,61020.1,3388.872
1.72E+12,61020.1,61054.4,60651.6,60710.2,10680.482
1.72E+12,60710.1,61194,60710.1,61115.1,8482.875
1.72E+12,61115.1,61149.2,60845.4,61092.3,7940.624
1.72E+12,61092.2,62307.6,60750,60951.6,83575.135
1.72E+12,60951.6,61755.7,60870.1,61499,26208.694
1.72E+12,61498.6,61800,61300,61698,13825.953
1.72E+12,61698,62999,61571.8,62966.3,35173.919
1.72E+12,62966,63397,62649.2,63117.5,38449.339
1.72E+12,63117.5,63794,62967,63577.2,27779.719
1.72E+12,63577.4,63770.8,63435.1,63580.7,9650.264
1.72E+12,63580.8,65000,63551.6,64350.1,26492.829
1.72E+12,64350.1,65000,63900,64068.8,19509.216
1.72E+12,64068.8,64299.7,63810,64019.9,11032.956
1.72E+12,64020,64168,63810,63941.1,7265.019
1.72E+12,63941.2,63984.5,63600,63808.2,7106.636
1.72E+12,63808.1,63981.8,63753.5,63909.2,3991.481
1.72E+12,63909.1,63962.5,63737.7,63800.1,3954.629
1.72E+12,63800,63950,63790.2,63859.3,3052.698
1.72E+12,63859.4,64000,63827.9,63958.6,4317.339
1.72E+12,63958.6,64266,63885.7,64019.6,6869.805
1.72E+12,64019.5,64298.9,64019.5,64269.3,4885.211
1.72E+12,64269.3,64440.6,64109,64382.8,5634.331
1.72E+12,64382.8,64472.5,64168.2,64306.9,5189.023
1.72E+12,64306.9,64358.8,64065.1,64099.9,4986.863
1.72E+12,64099.9,64164.5,63836.6,63881.7,7018.729
1.72E+12,63881.7,64179,63879.9,64060.4,4678.775
1.72E+12,64060.4,64222,63900,64199.4,5067.819
1.72E+12,64199.3,64206.6,63971.3,64151.1,3029.896
1.72E+12,64151.2,64151.2,63828,63943.3,6816.404
1.72E+12,63943.4,64400,63897.6,64258.4,10074.188
1.72E+12,64258.3,64265,63901.3,64018.4,5095.258
1.72E+12,64018.3,64414.2,63903,64191.8,7520.738
1.72E+12,64191.8,64349.4,64170,64170,1681.358
1.72E+12,64170.1,64306.2,64096.1,64097.4,1878.314
1.72E+12,64097.4,64147.5,63522.7,63584.2,11676.617
1.72E+12,63584.1,63951.2,63531.5,63794.4,7398.868
1.72E+12,63794.5,64129,63758.3,64116.5,3551.903
1.72E+12,64116.6,64549,64067.3,64143.2,10594.643
1.72E+12,64143.2,64340,63989.6,64109,5483.934
1.72E+12,64108.9,64239.3,64053.5,64110.7,2701.017
1.72E+12,64110.7,64150,63962.9,64065,4075.711
1.72E+12,64065,64132.4,63950,64120,2295.915
1.72E+12,64120.1,64164.3,64058.5,64110.4,2052.654
1.72E+12,64110.4,64141.8,63928.1,63967,2924.095
1.72E+12,63967.1,64013.9,63751,63835.4,7448.939
1.72E+12,63835.5,63990,63768.1,63909.8,3494.379
1.72E+12,63909.8,63958.5,63770,63833.6,3353.822
1.72E+12,63833.6,63906.5,63731.3,63848.5,3349.801
1.72E+12,63848.4,63987,63843.1,63851.7,2762.854
1.72E+12,63851.7,63917,63777,63901.4,2206.235
1.72E+12,63901.4,64145.8,63825.2,64048.1,6784.897
1.72E+12,64048,64237.7,64048,64122.3,4399.428
1.72E+12,64122.3,64270,64051,64099.9,3494.911
1.72E+12,64099.9,64177.6,63950,64007.7,3292.685
1.72E+12,64007.7,64134.5,63989,64112.8,1930.136
1.72E+12,64112.9,64226.2,64040,64138.3,2120.305
1.72E+12,64138.3,64184.4,64105.7,64152.2,1143.657
1.72E+12,64152.3,64245.8,64098.6,64182,2173.915
1.72E+12,64181.9,64550,64175.2,64358.9,6997.656
1.72E+12,64359,64599.7,64237.7,64444.8,6146.993
1.72E+12,64444.8,65175.4,64158.7,64190.2,24318.306
1.72E+12,64190.1,64455.8,63836.5,64068,9853.872
1.72E+12,64068.1,64169.2,63843,63893.4,4919.149
1.72E+12,63893.3,64049.1,63711.2,64033,5763.158
1.72E+12,64033,64100,63970.7,64089.5,2662.487
1.72E+12,64089.5,64183.2,63928.6,64000.7,3172.535
1.72E+12,64000.7,64027.5,63856,63928.5,2564.999
1.72E+12,63928.5,64000,63569.9,63705,8640.135
1.72E+12,63705.1,63843.6,63541.9,63603.2,6844.343
1.72E+12,63603.3,63842.3,63567.8,63713.9,4653.208
1.72E+12,63713.9,63850,63074.5,63834.3,13165.974
1.72E+12,63834.2,64022.2,63690,63737.5,10783.983
1.72E+12,63737.5,63970,63698.8,63816.6,4931.394
1.72E+12,63816.6,63934.7,63429,63612.2,9171.058
1.72E+12,63612.1,63855,63455.8,63735.9,11060.606
1.72E+12,63736,63849.5,63110.1,63462.2,22985.447
1.72E+12,63462.2,63610,63032,63493,11771.153
1.72E+12,63493,63798.9,63377.6,63671.7,7908.54
1.72E+12,63671.7,63859.2,63157,63343.1,11376.345
1.72E+12,63343,63682.7,63138.4,63610,10328.579
1.72E+12,63610,63672,63225.8,63305,5561.627
1.72E+12,63305,63536.1,63166,63384.9,5415.466
1.72E+12,63384.9,63397,62797,63115.2,11111.586
1.72E+12,63115.3,63252,62857,62939.9,6009.476
1.72E+12,62939.9,63150,62750.2,62807.6,5322.102
1.72E+12,62807.7,63028,62618,62690.1,8456.979
1.72E+12,62690.2,63196,62664.5,62962.2,10841.638
1.72E+12,62962.2,63169.5,62850,62868.4,3864.856
1.72E+12,62869.6,62988,62683,62947.2,6542.626
1.72E+12,62947.1,63073.2,62881.8,63011.4,3490.651
1.72E+12,63011.4,63178.7,63011.3,63113.8,5551.037
1.72E+12,63113.8,63120,62688.5,62740.8,7344.974
1.72E+12,62740.7,62936.6,62736.2,62882,4014.414
1.72E+12,62881.9,62987.1,62666,62786.2,5321.504
1.72E+12,62786.1,62930,62504.7,62650.8,10032.616
1.72E+12,62650.8,62650.8,62208.9,62303,16742.701
1.72E+12,62303.1,62523.9,62200.2,62392.5,7022.249
1.72E+12,62392.4,62459.4,62091.5,62400.1,9500.407
1.72E+12,62400,62485.2,62100,62208.6,13450.282
1.72E+12,62208.7,62267.7,61765.6,61815.1,30718.778
1.72E+12,61815.1,61952.6,61426.1,61673.3,23045.864
1.72E+12,61673.4,61959,61502.6,61532,15055.044
1.72E+12,61532.6,61906.1,61484.3,61906.1,6480.718
1.72E+12,61906,62114,61853,62061.7,6926.268
1.72E+12,62061.7,62165,61850,62071.8,5175.112
1.72E+12,62071.8,62075,61815.2,61838.7,3105.649
1.72E+12,61838.8,61930.5,59581.7,60379.6,44882.983
1.72E+12,60379.6,60380.6,57928.2,59467.6,72779.207
1.72E+12,59467.7,59757.7,59104.5,59384.5,18923.248
1.72E+12,59384.4,59416.6,58955,59050,15137.459
1.72E+12,59050.1,59422.5,58872.3,59344,12223.881
1.72E+12,59343,59398.8,59160.7,59305.9,5434.805
1.72E+12,59305.8,59625,59270.6,59597.3,5546.231
1.72E+12,59597.3,59640,59254.1,59306.5,5336.088
1.72E+12,59306.4,59465.3,59222.1,59266.9,4866.59
1.72E+12,59267,59336.2,59097.2,59163.2,5143.849
1.72E+12,59163.3,59255.7,58475.2,58579,14623.172
1.72E+12,58579,59272.9,58510,59197.1,11891.428
1.72E+12,59197.1,60197.8,59110,60157.6,17350.914
1.72E+12,60166.3,60186,59653.9,59732.2,12568.774
1.72E+12,59732.2,60078,59650,59900.1,8114.585
1.72E+12,59900.2,60131,59855.1,59917.1,7650.409
1.72E+12,59917.1,59985.8,59268.3,59315.4,16385.18
1.72E+12,59315.4,59920,58894,59162.1,24816.786
1.72E+12,59162,59162,58400,58963.4,26862.096
1.72E+12,58963.4,59184.7,57820,59158.3,38149.352
1.72E+12,59158.3,59225.8,58600,58620.1,14972.143
1.72E+12,58620.1,59486,58561,59458,13704.857
1.72E+12,59457.9,59794.7,58781.3,58871.1,15490.33
1.72E+12,58871,59579.8,58602.6,59284.5,22711.071
1.72E+12,59284.5,59465.9,59028,59086.5,5425.387
1.72E+12,59086.6,59223.1,58811,59167.3,6321.198
1.72E+12,59167.2,59174.4,58951.9,59010,3061.982
1.72E+12,59010,59218.6,58888.7,59180.6,5162.716
1.72E+12,59180.7,59300,58834,58970.2,5531.451
1.72E+12,58970.3,59164,58895.6,59106.4,3674.557
1.72E+12,59106.4,59167.6,58996.4,59113,2550.802
1.72E+12,59113.4,59189,59040.8,59164.2,2543.912
1.72E+12,59164.1,59438.1,59109.6,59406.4,5553.57
1.72E+12,59406.4,59734.1,59335,59533.8,8224.071
1.72E+12,59533.8,59655.9,59470,59548.9,3167.867
1.72E+12,59548.9,59605.5,59340,59518.1,4830.072
1.72E+12,59518.1,59748,59511,59557.1,5266.821
1.72E+12,59557.1,59829.9,59537.9,59647.2,5205.407
1.72E+12,59647.1,60450,59582,60040,19223.578
1.72E+12,60040,60480,59956.3,60293.2,12388.867
1.72E+12,60293.1,60649,60140.1,60603.1,15668.891
1.72E+12,60603.7,60920,60404,60780.9,17458.637
1.72E+12,60780.8,61144.9,60699.3,60750.9,16410.877
1.72E+12,60750.9,60930,60205,60267,14530.382
1.72E+12,60267,60556.1,60147,60502,8606.314
1.72E+12,60501.1,60520,58876.8,59130,33558.525
1.72E+12,59130,59667.4,58900.3,59237,17318.238
1.72E+12,59236.9,59496.9,59200,59496.9,5848.194
1.72E+12,59496.8,59614.5,59402.1,59470,3129.753
1.72E+12,59470.1,59470.1,58655,59182.4,14871.025
1.72E+12,59182.5,59369.5,59101.7,59323.2,3172.158
1.72E+12,59323.3,59468,59100,59180,5715.163
1.72E+12,59180,59280.1,58918.6,59190.1,6761.62
1.72E+12,59190,59327.8,59030,59172,3821.049
1.72E+12,59172,59182.8,58862.2,59001,6469.436
1.72E+12,59001.1,59131.2,58979,58984.9,3055.177
1.72E+12,58985,58997,58650,58760.8,8525.815
1.72E+12,58761,59351.6,58681.7,59331.7,9986.519
1.73E+12,59331.6,59558,59200,59235.9,10230.367
1.73E+12,59236,59550,59235.9,59418.8,5860.225
1.73E+12,59418.8,59628.6,59383.8,59547.6,5941.948
1.73E+12,59547.7,59637.4,59388,59548.6,4714.666
1.73E+12,59548.5,59614,59289.5,59367,6299.861
1.73E+12,59367,59914.9,59341.1,59510,15487.53
1.73E+12,59510,59647,58879,59629.9,19174.06
1.73E+12,59630,59820,58410.1,58430.4,32808.021
1.73E+12,58430.4,58665.5,57901.2,58073.1,39087.599
1.73E+12,58073.7,58568.3,57525,58517.2,27984.586
1.73E+12,58517.3,58798.8,58372.4,58602.6,12991.605
1.73E+12,58602.6,59345.8,58593.2,59339.9,18051.743
1.73E+12,59339.9,59340,58670,58670.1,10292.656
1.73E+12,58670,59024.4,58668.8,59018,4704.485
1.73E+12,59018,59126.9,58930.8,59025,3308.745
1.73E+12,59025,59283.1,59010,59199.9,5123.357
1.73E+12,59200,59246,59051.1,59096.3,1880.236
1.73E+12,59096.4,59436,59028,59210.9,6181.043
1.73E+12,59210.9,59311,59142.5,59250,2179.379
1.73E+12,59250,59267,59110.8,59169,2071.149
1.73E+12,59169,59222.2,59100.6,59199.9,1526.879
1.73E+12,59200,59321.8,59181.4,59313.7,1885.693
1.73E+12,59313.7,59313.8,59177.7,59184.8,1759.756
1.73E+12,59184.8,59241,59124.4,59127.9,1771.577
1.73E+12,59128,59165,59044,59060.8,3142.3
1.73E+12,59060.8,59107.6,58944.4,58947.1,3172.001
1.73E+12,58947.2,59000,58795.4,58881,4656.96
1.73E+12,58880.9,59134.3,58842.7,59104,3229.015
1.73E+12,59104,59153,59068.1,59093.1,2263.583
1.73E+12,59093.1,59214.9,59038.2,59153.7,3246.139
1.73E+12,59153.7,59215.8,58903.4,58926.1,3701.982
1.73E+12,58926,59137.5,58860,59098.5,3757.882
1.73E+12,59098.5,59133.8,58936.6,58983.7,2716.197
1.73E+12,58983.8,59009.9,58817.8,58939.9,2947.126
1.73E+12,58940,59011.4,58700,58981.5,4677.239
1.73E+12,58981.5,59108.3,58831.6,58889.3,4364.305
1.73E+12,58889.2,58914,58797.2,58834.2,1941.317
1.73E+12,58834.3,58950,58756,58917.8,2302.605
1.73E+12,58917.7,59107.5,58892.1,59026.7,2052.234
1.73E+12,59026.6,59100,58976.9,58999,1354.277
1.73E+12,58998.9,59035.5,58897.1,58941.9,1966.036
